customer_id,name,age,gender,location,browsing_history,purchase_history
CSTM2F117,Siti Harsaya Nurdiyanti,19,Perempuan,Blitar,"ECAT962BE2, ECATCB88CA","ETWS3D13C6, ETWS8E3F3C"
CSTMD9F9C,Ifa Simbolon,26,Perempuan,Denpasar,"ECAT962BE2, ECAT5AB96A, ECATBC4CE7","ETWSF10659, ETWS354FFC"
CSTM4CC19,Kamaria Firmansyah,35,Perempuan,Bogor,"ECATBC4CE7, ECAT5AB96A, ECATCB88CA","ETWS96A08D, ETWS4963A7"
CSTMA4083,Edi Gara Lazuardi,29,Laki-laki,Palangkaraya,ECATBC4CE7,ETWS20A2AC
CSTM11D0D,Cakrawala Sihombing,19,Laki-laki,Ternate,"ECATCB88CA, ECATBC4CE7",ETWSE75C86
CSTM1A581,Warsa Ami Pradana,38,Laki-laki,Dumai,"ECAT962BE2, ECAT5AB96A",ETWS79FF57
CSTM7BF62,Cindy Latupono,36,Perempuan,Magelang,ECATBC4CE7,ETWS813F58
CSTMF963C,Zulaikha Prabowo,39,Perempuan,Denpasar,ECAT5AB96A,ETWS0BEE0B
CSTM99EC6,Safina Hartati,20,Perempuan,Blitar,"ECATBC4CE7, ECATCB88CA, ECAT962BE2","ETWS0A5B45, ETWSBCD4D6"
CSTM41114,Ratih Vega Uwais,35,Perempuan,Sungai Penuh,"ECATBC4CE7, ECATCB88CA",ETWS42C680
CSTMFAE26,Gasti Luthfi Sudiati,19,Perempuan,Cilegon,ECATCB88CA,"ETWS79FF57, ETWS0939F5"
CSTM5DB45,Azalea Karsana Puspasari,36,Perempuan,Lhokseumawe,ECATCF9A43,"ETWS48117D, ETWS656E3E"
CSTMB6BCB,Mustika Uda Riyanti,23,Laki-laki,Lhokseumawe,ECATCB88CA,"ETWSCE3DE3, ETWS15E214"
CSTMF92EB,Zulfa Marbun,39,Perempuan,Dumai,"ECAT5AB96A, ECATCB88CA","ETWSC15EE8, ETWS712B94"
CSTM29C82,Kenzie Kacung Sudiati,16,Laki-laki,Palembang,"ECATBC4CE7, ECAT5AB96A",ETWS1A1A80
CSTM32745,Ida Yono Anggriawan,16,Perempuan,Langsa,"ECAT14E3EF, ECAT5AB96A","ETWSEB97AA, ETWS1A1A80"
CSTM952C4,Putri Atma Rahmawati,25,Perempuan,Tual,ECATCF9A43,"ETWS1A1A80, ETWSBDDC69"
CSTM24A0A,Ratih Prakasa,37,Perempuan,Banjarbaru,"ECAT14E3EF, ECATBC4CE7, ECATCF9A43",ETWS01B92D
CSTM165BC,Faizah Karen Nasyidah,29,Perempuan,Pekanbaru,"ECAT5AB96A, ECAT962BE2, ECAT14E3EF","ETWS25A273, ETWS788D41"
CSTMFCA10,Surya Siregar,22,Laki-laki,Banjar,ECAT14E3EF,ETWS5A7C6A
CSTM5CC02,Ridwan Tarihoran,37,Laki-laki,Bau-Bau,ECAT962BE2,ETWSB0CE33
CSTMBD5B4,Ayu Permata,26,Perempuan,Bandar Lampung,ECAT962BE2,"ETWSE768EF, ETWS64CBD3"
CSTMD7524,Ellis Suryono,32,Perempuan,Kediri,ECATCF9A43,ETWSAA367B
CSTMC7A9C,Puspa Karta Mardhiyah,24,Perempuan,Palopo,"ECATBC4CE7, ECATCF9A43",ETWS0803B7
CSTM16814,Luwar Rahayu,29,Laki-laki,Mojokerto,"ECATBC4CE7, ECATCB88CA, ECAT5AB96A",ETWSD222F2
CSTM1C65D,Kawaca Pratiwi,18,Laki-laki,Malang,ECAT14E3EF,ETWS41AC62
CSTME36CD,Kairav Elvin Purwanti,31,Laki-laki,Tual,"ECATCB88CA, ECATBC4CE7, ECAT5AB96A","ETWSE2C09C, ETWSF98833"
CSTM09B87,Ratih Upik Adriansyah,39,Perempuan,Pekalongan,ECATCB88CA,ETWS48117D
CSTM2F19D,Zalindra Kurnia Januar,26,Perempuan,Tanjungpinang,"ECAT14E3EF, ECATBC4CE7",ETWSCA6177
CSTM5FCFE,Rahayu Safina Zulaika,38,Perempuan,Serang,"ECAT962BE2, ECATCB88CA",ETWSB83B81
CSTM3F202,Silvia Kusmawati,40,Perempuan,Lhokseumawe,"ECAT5AB96A, ECAT14E3EF, ECATCF9A43",ETWS7A5058
CSTM9EB1E,Uda Haryanto,40,Laki-laki,Bontang,"ECAT962BE2, ECAT14E3EF, ECATCB88CA",ETWS16C89D
CSTMDF663,Cayadi Dartono Irawan,22,Laki-laki,Banda Aceh,"ECATBC4CE7, ECATCF9A43, ECAT5AB96A","ETWS788D41, ETWSE327E6"
CSTM85054,Natalia Napitupulu,28,Perempuan,Tarakan,"ECAT962BE2, ECAT14E3EF","ETWSA5F569, ETWS3039FF"
CSTMAC0BE,Cinta Maryadi,18,Perempuan,Samarinda,"ECATCF9A43, ECATCB88CA",ETWSC443AD
CSTMDFAF9,Murti Hutasoit,35,Laki-laki,Pematangsiantar,"ECAT5AB96A, ECATCB88CA","ETWS553A67, ETWSBEE4A4"
CSTM32402,Ida Aryani,17,Perempuan,Meulaboh,"ECATCB88CA, ECATCF9A43","ETWS7A5058, ETWSF71F55"
CSTMB8DDE,Qori Makuta Budiman,18,Perempuan,Tanjungpinang,"ECATBC4CE7, ECAT5AB96A, ECATCF9A43","ETWS656E3E, ETWSC8525C"
CSTM35D2B,Prabowo Zulaika,35,Laki-laki,Pagaralam,"ECATBC4CE7, ECATCF9A43, ECAT962BE2",ETWS0B358B
CSTMFAF9F,Ellis Nasyidah,18,Perempuan,Magelang,ECATCB88CA,"ETWS93C913, ETWS4B6130"
CSTMB1EB2,Heru Putra,39,Laki-laki,Bontang,"ECATBC4CE7, ECATCF9A43",ETWS187C0A
CSTMF11D7,Eka Nyana Purwanti,31,Perempuan,Tanjungpinang,"ECATBC4CE7, ECATCF9A43, ECAT962BE2","ETWS8E3F3C, ETWSAAEB9B"
CSTM6B4E8,Melinda Hassanah,24,Perempuan,Tidore Kepulauan,"ECAT5AB96A, ECATBC4CE7, ECAT962BE2","ETWS0BEE0B, ETWS967B37"
CSTMF7FFB,Unjani Bakiono Mahendra,32,Perempuan,Bau-Bau,ECATCF9A43,"ETWSF10659, ETWS891996"
CSTM9F293,Farah Chelsea Manullang,26,Perempuan,Pekalongan,"ECAT14E3EF, ECAT5AB96A, ECATBC4CE7","ETWSB30591, ETWS6EB379"
CSTM09B2F,Pangeran Melani,25,Laki-laki,Samarinda,"ECATCB88CA, ECAT962BE2",ETWS2837EF
CSTMF27A3,Mariadi Mandala,33,Laki-laki,Balikpapan,"ECAT14E3EF, ECATCF9A43, ECATBC4CE7",ETWS69678C
CSTM807B8,Danu Laksita,32,Laki-laki,Banjarbaru,"ECATCB88CA, ECATCF9A43, ECAT962BE2",ETWSF31E8D
CSTMB77F5,Jessica Adriansyah,25,Perempuan,Tarakan,"ECAT962BE2, ECATCB88CA","ETWS6DCD4A, ETWSCC736B"
CSTM8631C,Gadang Kurniawan,36,Laki-laki,Surakarta,ECATCB88CA,"ETWSF455CE, ETWSD583D5"
CSTME805F,Daniswara Kurniawan,32,Laki-laki,Pekanbaru,"ECAT14E3EF, ECATCB88CA, ECAT962BE2",ETWS69678C
CSTM80FCA,Darmaji Cakrajiya Januar,30,Laki-laki,Bau-Bau,"ECATCB88CA, ECAT14E3EF",ETWS7B4509
CSTM03C5A,Gangsar Mandala,30,Laki-laki,Palopo,ECAT5AB96A,"ETWS01B92D, ETWS3039FF"
CSTM886E7,Asman Prasetya,26,Laki-laki,Kota Administrasi Jakarta Utara,"ECATBC4CE7, ECAT5AB96A",ETWS4963A7
CSTMA0382,Fitriani Laras Sihombing,36,Perempuan,Banjarmasin,"ECAT14E3EF, ECATBC4CE7","ETWS8E3F3C, ETWS321D7C"
CSTMA8D60,Bakti Ramadan,36,Laki-laki,Bandar Lampung,"ECATCF9A43, ECAT14E3EF, ECAT962BE2",ETWS0BEE0B
CSTMF04FC,Respati Purwanti,23,Laki-laki,Tangerang Selatan,"ECATCF9A43, ECATBC4CE7","ETWSE4184F, ETWSBD84E3"
CSTMBF0A4,Asirwada Ibrahim Nurdiyanti,17,Laki-laki,Bau-Bau,"ECAT14E3EF, ECAT962BE2","ETWS029414, ETWSF25249"
CSTM67504,Darijan Ani Padmasari,22,Laki-laki,Payakumbuh,"ECAT962BE2, ECAT5AB96A, ECATBC4CE7","ETWS01B92D, ETWS48117D"
CSTM95BC4,Jono Suwarno,30,Laki-laki,Tidore Kepulauan,ECATCB88CA,ETWSEE4EB9
CSTM67007,Rahmat Daniswara Mansur,31,Laki-laki,Bekasi,"ECAT5AB96A, ECATCF9A43","ETWSDD91D3, ETWSCC736B"
CSTM63F30,Darimin Purwanti,17,Laki-laki,Sukabumi,ECATCF9A43,ETWSB83B81
CSTMB742B,Karja Palastri,19,Laki-laki,Kota Administrasi Jakarta Utara,"ECAT14E3EF, ECATCB88CA, ECAT5AB96A","ETWS13FDB0, ETWSC1F28E"
CSTMDE636,Janet Hartati,21,Perempuan,Probolinggo,"ECAT962BE2, ECATBC4CE7, ECATCB88CA",ETWS0FE105
CSTMA75E3,Dimas Wibowo,24,Laki-laki,Metro,ECATCF9A43,"ETWS3726EE, ETWSC13A52"
CSTMFF437,Faizah Amelia Nashiruddin,24,Perempuan,Lhokseumawe,"ECAT962BE2, ECAT14E3EF","ETWS69CD07, ETWS79FF57"
CSTMB0F54,Panca Indah Halimah,25,Laki-laki,Pagaralam,ECATCB88CA,ETWSE6CE28
CSTM7A2B8,Wage Hassanah,38,Laki-laki,Subulussalam,"ECATBC4CE7, ECAT5AB96A",ETWSF71F55
CSTM78D76,Ophelia Kuswandari,34,Perempuan,Bima,ECATCF9A43,ETWSDB546C
CSTMA87B2,Maida Julia Maheswara,40,Perempuan,Parepare,"ECATCB88CA, ECAT14E3EF, ECATBC4CE7","ETWS553A67, ETWS97A4DF"
CSTM16B81,Ifa Asmadi Riyanti,32,Perempuan,Lubuklinggau,"ECAT962BE2, ECAT5AB96A","ETWS79A897, ETWS42C680"
CSTM2F06D,Reksa Hastuti,38,Laki-laki,Tasikmalaya,"ECAT962BE2, ECAT5AB96A","ETWSF455CE, ETWS4963A7"
CSTMAC5B5,Olga Samosir,16,Laki-laki,Padang Sidempuan,"ECAT962BE2, ECATCB88CA, ECATCF9A43","ETWS967B37, ETWS9D9BB4"
CSTM83D75,Cengkir Oktaviani,22,Laki-laki,Bau-Bau,"ECATBC4CE7, ECATCF9A43",ETWS553A67
CSTM79D90,Dalima Maryati,29,Perempuan,Yogyakarta,ECAT962BE2,"ETWS96A08D, ETWS8A3FA6"
CSTM9EA78,Kanda Ibrahim Salahudin,16,Laki-laki,Balikpapan,ECAT962BE2,"ETWSE768EF, ETWS18BC3C"
CSTMC2430,Emas Budiman,26,Laki-laki,Parepare,"ECAT14E3EF, ECATCB88CA",ETWSF76016
CSTMB751A,Janet Suryono,23,Perempuan,Samarinda,ECATBC4CE7,"ETWSEB596D, ETWS13FDB0"
CSTM599C2,Indah Endra Novitasari,22,Perempuan,Payakumbuh,"ECAT5AB96A, ECAT14E3EF",ETWS8C5F69
CSTM91ECF,Tri Saputra,28,Laki-laki,Dumai,"ECATCF9A43, ECATCB88CA",ETWS002801
CSTMCFFCC,Simon Satya Widiastuti,19,Laki-laki,Madiun,"ECATCB88CA, ECAT5AB96A","ETWS5CC7F6, ETWS580551"
CSTMBEA82,Usyi Jelita Dabukke,23,Perempuan,Kota Administrasi Jakarta Utara,"ECAT962BE2, ECATCF9A43, ECATCB88CA","ETWS0AFCD5, ETWS0EFB7A"
CSTM24889,Lili Rahayu,21,Perempuan,Yogyakarta,"ECAT962BE2, ECATBC4CE7",ETWS6C9C8B
CSTMF0946,Uchita Nababan,29,Perempuan,Batam,ECAT962BE2,ETWS0AFCD5
CSTMC0C91,Zelda Imam Januar,16,Perempuan,Tidore Kepulauan,"ECATCB88CA, ECAT5AB96A",ETWS553A67
CSTMC1BEF,Gawati Lanjar Tampubolon,27,Perempuan,Cimahi,"ECAT962BE2, ECAT5AB96A, ECATBC4CE7",ETWS87B36D
CSTMA1C47,Rini Kuswoyo,16,Perempuan,Palopo,ECAT962BE2,ETWSEF06D1
CSTMD1EB4,Edi Sinaga,22,Laki-laki,Lhokseumawe,ECAT14E3EF,ETWS3ECD2D
CSTMAF84A,Suci Queen Mangunsong,30,Perempuan,Cimahi,"ECATCB88CA, ECAT962BE2, ECAT5AB96A","ETWSF76016, ETWS64CBD3"
CSTM816DF,Najwa Aryani,29,Perempuan,Cimahi,ECAT14E3EF,ETWS9B8B2E
CSTMCBE5F,Putri Puspasari,32,Perempuan,Blitar,"ECATCF9A43, ECAT14E3EF",ETWS5E0A1B
CSTMD7965,Chelsea Dartono Pratama,20,Perempuan,Metro,"ECATCF9A43, ECAT5AB96A, ECAT962BE2",ETWS321D7C
CSTM1E852,Ifa Nashiruddin,33,Perempuan,Banjar,"ECAT962BE2, ECATCF9A43",ETWS21CDBB
CSTMD6420,Zizi Sadina Wasita,29,Perempuan,Balikpapan,ECAT962BE2,"ETWS9D9BB4, ETWSD3092D"
CSTM0C660,Ratih Rahayu,39,Perempuan,Medan,ECATCB88CA,ETWSEA5DB1
CSTM3DC60,Ratna Zulaika,27,Perempuan,Jayapura,ECATBC4CE7,"ETWSC443AD, ETWS553A67"
CSTM92D66,Kalim Yuniar,40,Laki-laki,Pasuruan,"ECATCB88CA, ECATCF9A43","ETWSB83B81, ETWS6EB379"
CSTM17987,Alambana Irawan,27,Laki-laki,Tanjungpinang,"ECAT5AB96A, ECATBC4CE7",ETWSA454CE
CSTM2CD0A,Lanang Genta Budiyanto,28,Laki-laki,Sorong,"ECATCB88CA, ECAT5AB96A",ETWS5A7C6A
CSTMC537B,Clara Hutapea,31,Perempuan,Ambon,ECATCF9A43,ETWS35121B
CSTM7DDF9,Ajeng Sakura Kusmawati,36,Perempuan,Kotamobagu,ECAT5AB96A,"ETWSF96024, ETWS41AC62"
CSTM5AE88,Rahayu Ghaliyati Sihombing,30,Perempuan,Kotamobagu,"ECAT14E3EF, ECATCF9A43","ETWSB35690, ETWS002801"
CSTM83E8F,Nalar Nasyidah,19,Laki-laki,Tidore Kepulauan,"ECAT5AB96A, ECATCF9A43",ETWS54E942
CSTM0CD81,Mulya Pratama,25,Laki-laki,Banjar,ECAT14E3EF,"ETWS3039FF, ETWS9BB84A"
CSTM45402,Jelita Yuniar,23,Perempuan,Samarinda,"ECAT962BE2, ECATCF9A43, ECAT5AB96A",ETWS01B92D
CSTMAFAF7,Najib Firgantoro,24,Laki-laki,Pekanbaru,ECATCB88CA,ETWS278D45
CSTMA7383,Lasmanto Nabila Salahudin,24,Laki-laki,Payakumbuh,ECAT962BE2,"ETWS967B37, ETWS71D5E1"
CSTMBB85D,Baktiadi Dongoran,19,Laki-laki,Serang,"ECATCB88CA, ECAT5AB96A","ETWS043689, ETWSBEE4A4"
CSTMA4DA9,Dinda Wasita,28,Perempuan,Bekasi,ECATCB88CA,"ETWS187C0A, ETWS9BB84A"
CSTMDC485,Cengkal Nurul Sihotang,28,Laki-laki,Mataram,"ECAT5AB96A, ECATCB88CA",ETWS17DFD3
CSTM6D595,Ciaobella Melani,17,Perempuan,Blitar,ECATCF9A43,"ETWS0FE105, ETWSB83B81"
CSTM15602,Gamblang Kusmawati,34,Laki-laki,Lubuklinggau,ECAT962BE2,"ETWSF25249, ETWS0803B7"
CSTM98B17,Kemal Hutasoit,36,Laki-laki,Bitung,ECAT962BE2,ETWS87B36D
CSTM85F34,Nova Clara Yuniar,32,Perempuan,Tebingtinggi,"ECAT14E3EF, ECATCF9A43, ECATBC4CE7",ETWSAA8E74
CSTM50ABF,Anastasia Samosir,29,Perempuan,Kota Administrasi Jakarta Barat,"ECAT14E3EF, ECATCB88CA, ECATCF9A43",ETWS41AC62
CSTM15885,Emas Tania Mandasari,31,Laki-laki,Sawahlunto,ECAT962BE2,ETWS67E29D
CSTM79CDB,Darijan Winarno,18,Laki-laki,Meulaboh,ECATBC4CE7,"ETWS656E3E, ETWS48117D"
CSTMC918B,Prasetyo Damar Pertiwi,16,Laki-laki,Kendari,"ECATCB88CA, ECATBC4CE7","ETWS8E3F3C, ETWSCE3C05"
CSTMA7D37,Febi Bakda Yulianti,34,Perempuan,Probolinggo,"ECATCB88CA, ECAT14E3EF, ECAT962BE2",ETWS3A15A5
CSTM4D6C4,Clara Maras Nurdiyanti,30,Perempuan,Tarakan,"ECAT962BE2, ECATBC4CE7","ETWS278D45, ETWSC15EE8"
CSTM742A7,Panji Eli Waluyo,18,Laki-laki,Bogor,ECATCF9A43,"ETWSE768EF, ETWSCE3C05"
CSTMAEF14,Bagiya Jagaraga Irawan,21,Laki-laki,Palangkaraya,"ECAT14E3EF, ECATCB88CA","ETWS553A67, ETWSA5F569"
CSTM0E5C4,Betania Sitompul,35,Perempuan,Prabumulih,"ECATCF9A43, ECATCB88CA",ETWSEFFE8E
CSTMF747F,Zelda Talia Hastuti,24,Perempuan,Cimahi,"ECATCF9A43, ECAT14E3EF, ECAT962BE2",ETWSE4184F
CSTMAC80A,Prayitna Wastuti,29,Laki-laki,Malang,"ECAT962BE2, ECATCF9A43, ECAT14E3EF",ETWSAA2917
CSTM569BC,Gara Firmansyah,22,Laki-laki,Bengkulu,"ECAT14E3EF, ECAT5AB96A, ECATCF9A43",ETWSFF9288
CSTM3AE09,Ophelia Eluh Sihombing,23,Perempuan,Sibolga,"ECATCF9A43, ECAT962BE2","ETWS187C0A, ETWS0803B7"
CSTM52544,Laras Haryanti,40,Perempuan,Surabaya,"ECATBC4CE7, ECAT962BE2",ETWS712B94
CSTM42FA7,Paris Mila Hartati,18,Perempuan,Palopo,"ECAT962BE2, ECAT14E3EF","ETWS0AF595, ETWSDE6472"
CSTM5CD56,Samiah Yance Najmudin,37,Perempuan,Bekasi,"ECATCF9A43, ECATCB88CA, ECATBC4CE7",ETWS91D914
CSTM3EE1F,Paris Saiful Setiawan,40,Perempuan,Pontianak,"ECATBC4CE7, ECAT5AB96A",ETWSD7FC0C
CSTMDABDD,Ella Winarsih,39,Perempuan,Langsa,"ECAT5AB96A, ECATBC4CE7","ETWS80C3D1, ETWSA86E4D"
CSTM6371F,Gawati Panca Sihombing,32,Perempuan,Singkawang,"ECAT14E3EF, ECAT962BE2",ETWS890AD6
CSTMC0B09,Ratna Samosir,25,Perempuan,Langsa,ECATCB88CA,ETWS287348
CSTMC4C40,Jane Sihombing,39,Perempuan,Manado,"ECAT962BE2, ECATBC4CE7","ETWSCE3C05, ETWS269B95"
CSTM6C5AC,Adika Bakianto Maulana,33,Laki-laki,Tomohon,ECATCB88CA,ETWS0AE08B
CSTM08508,Wira Ibun Maryadi,40,Laki-laki,Palu,"ECAT962BE2, ECAT14E3EF, ECATCF9A43",ETWS79FF57
CSTM40BC7,Samiah Jelita Wibisono,20,Perempuan,Tanjungbalai,ECATCB88CA,ETWS7C75AA
CSTME525E,Tantri Ridwan Rajata,28,Perempuan,Pekanbaru,"ECATCF9A43, ECAT14E3EF",ETWS2A7149
CSTM7B6F0,Wani Pradana,27,Perempuan,Medan,"ECATCB88CA, ECAT962BE2, ECATCF9A43","ETWS048321, ETWSAA1D9A"
CSTM41CE7,Vicky Santoso,38,Perempuan,Manado,"ECATBC4CE7, ECAT14E3EF","ETWS91D914, ETWSEFFE8E"
CSTME1AED,Gandi Harsana Wibowo,24,Laki-laki,Ambon,ECAT962BE2,ETWSEE4EB9
CSTM38D16,Prasetya Mayasari,28,Laki-laki,Palu,"ECATCF9A43, ECAT5AB96A, ECAT962BE2","ETWS5E0A1B, ETWS8ADE55"
CSTM285C8,Humaira Kuncara Samosir,40,Perempuan,Metro,"ECAT962BE2, ECATBC4CE7, ECAT5AB96A",ETWS0FE105
CSTM5F2ED,Lidya Novitasari,18,Perempuan,Balikpapan,ECATCB88CA,"ETWS48117D, ETWS278D45"
CSTM37237,Ismail Damu Mandasari,25,Laki-laki,Kendari,ECATCF9A43,"ETWS015FFC, ETWSEDCF87"
CSTM33285,Keisha Nardi Pradana,16,Perempuan,Palu,"ECATBC4CE7, ECAT5AB96A","ETWS87B36D, ETWSE8855E"
CSTM7D1EA,Cengkal Pratama,37,Laki-laki,Mojokerto,"ECATCF9A43, ECAT14E3EF, ECAT5AB96A",ETWSE721A5
CSTM874B1,Aurora Belinda Hidayanto,34,Perempuan,Dumai,"ECAT5AB96A, ECAT962BE2","ETWSCC736B, ETWSCF1E10"
CSTM1034E,Michelle Yulianti,21,Perempuan,Yogyakarta,"ECATCF9A43, ECAT5AB96A, ECAT962BE2",ETWS80D7CD
CSTM6A94A,Amelia Yahya Wibowo,21,Perempuan,Sabang,"ECAT5AB96A, ECAT962BE2","ETWS147D3F, ETWSE2C09C"
CSTM05E2F,Nilam Keisha Tampubolon,35,Perempuan,Depok,"ECAT14E3EF, ECATCF9A43, ECATBC4CE7",ETWSA5F569
CSTMCC89D,Kala Anggriawan,37,Laki-laki,Padangpanjang,"ECATBC4CE7, ECATCB88CA, ECAT962BE2",ETWS01B92D
CSTMB697D,Hartaka Winarno,34,Laki-laki,Pematangsiantar,"ECAT5AB96A, ECAT14E3EF, ECATBC4CE7","ETWSCFDEAF, ETWSF25249"
CSTM58641,Cager Gadang Wulandari,28,Laki-laki,Ambon,"ECAT962BE2, ECATCB88CA",ETWSB74AEA
CSTMEC1FD,Amelia Paulin Puspita,38,Perempuan,Bandar Lampung,ECATBC4CE7,"ETWS890AD6, ETWS13A08B"
CSTM0F366,Amelia Prasetya,31,Perempuan,Madiun,"ECATBC4CE7, ECAT962BE2","ETWSC14251, ETWS82BE68"
CSTM18B87,Eva Saadat Nurdiyanti,22,Perempuan,Tangerang,"ECATCF9A43, ECAT962BE2, ECATBC4CE7",ETWS429354
CSTM9F3FD,Nasim Dongoran,37,Laki-laki,Padang,"ECAT5AB96A, ECATCF9A43, ECAT14E3EF",ETWSC14251
CSTM1A1C2,Rahmi Calista Nuraini,17,Perempuan,Palopo,"ECAT14E3EF, ECAT5AB96A, ECATCB88CA",ETWSA73D7C
CSTMC49A6,Hani Hakim,39,Perempuan,Banjarmasin,ECATCF9A43,ETWS54E942
CSTME6B4C,Hasna Maryadi,29,Perempuan,Kota Administrasi Jakarta Timur,"ECATCB88CA, ECAT962BE2, ECATCF9A43",ETWS7B2F84
CSTM7F271,Kani Dian Megantara,26,Perempuan,Pematangsiantar,"ECATBC4CE7, ECAT962BE2",ETWSBCD4D6
CSTMD10AB,Nyoman Imam Wulandari,24,Laki-laki,Bandung,"ECAT962BE2, ECATCB88CA","ETWS40D298, ETWSEAA76C"
CSTMB5A19,Jelita Natalia Prasasta,19,Perempuan,Metro,"ECAT5AB96A, ECAT962BE2, ECATBC4CE7",ETWS87B36D
CSTM69F5A,Adikara Haryanto,27,Laki-laki,Pematangsiantar,ECAT962BE2,ETWS96A08D
CSTMB5125,Banawa Himawan Suryono,25,Laki-laki,Ternate,"ECAT5AB96A, ECATCF9A43, ECATBC4CE7","ETWS967B37, ETWS80C3D1"
CSTM8F7BF,Mumpuni Yolanda,26,Laki-laki,Palangkaraya,"ECAT14E3EF, ECAT962BE2","ETWS64CBD3, ETWSA7F69E"
CSTMD8294,Ira Pia Waluyo,21,Perempuan,Bekasi,"ECAT962BE2, ECAT5AB96A",ETWSCA6177
CSTM362A7,Setya Ramadan,32,Laki-laki,Singkawang,ECATCB88CA,"ETWS0939F5, ETWS48117D"
CSTMC8CC9,Uchita Daru Utama,25,Perempuan,Kotamobagu,ECATBC4CE7,"ETWS2B899E, ETWS429354"
CSTM4A4EC,Maimunah Puspita,20,Perempuan,Tanjungpinang,"ECAT14E3EF, ECATBC4CE7",ETWSDB546C
CSTM1B104,Indah Rahayu,30,Perempuan,Padang Sidempuan,ECAT5AB96A,ETWS3F526B
CSTM6DD3F,Elisa Restu Salahudin,22,Perempuan,Kotamobagu,"ECAT14E3EF, ECATCB88CA",ETWS0AF595
CSTMBE170,Faizah Nuraini,35,Perempuan,Lubuklinggau,ECAT962BE2,"ETWSA86E4D, ETWS5A7C6A"
CSTM67AAB,Umaya Budiyanto,29,Laki-laki,Surakarta,"ECAT962BE2, ECATCF9A43, ECAT5AB96A",ETWS13FDB0
CSTM8E745,Ghaliyati Bella Sihombing,35,Perempuan,Palu,"ECAT962BE2, ECATCB88CA","ETWSC97B66, ETWS891660"
CSTM9C05A,Vanesa Baktiadi Haryanti,18,Perempuan,Yogyakarta,"ECAT5AB96A, ECATBC4CE7, ECATCF9A43","ETWS11DABC, ETWS7B2F84"
CSTME7BFC,Padma Kawaya Winarsih,21,Perempuan,Sawahlunto,ECAT5AB96A,ETWSEAA76C
CSTM6D29C,Prima Suartini,23,Laki-laki,Prabumulih,"ECATBC4CE7, ECAT5AB96A, ECAT962BE2",ETWS5D855F
CSTM5CE4A,Puspa Agustina,37,Perempuan,Padangpanjang,"ECAT14E3EF, ECATBC4CE7",ETWS967B37
CSTMB3083,Nilam Puspa Wibisono,23,Perempuan,Bima,"ECAT14E3EF, ECAT5AB96A, ECATCF9A43","ETWSD4464E, ETWS4963A7"
CSTM7E63F,Erik Namaga,23,Laki-laki,Cirebon,"ECATCF9A43, ECATCB88CA, ECAT962BE2",ETWSC795D1
CSTMDC43E,Harja Emas Kusumo,37,Laki-laki,Manado,"ECATBC4CE7, ECAT5AB96A, ECATCB88CA",ETWS0EDB31
CSTM5EFF8,Himawan Waskita,27,Laki-laki,Pariaman,ECATBC4CE7,ETWS4CF5C3
CSTMC3BA1,Jati Gawati Haryanti,26,Laki-laki,Ternate,"ECATBC4CE7, ECATCF9A43",ETWS80C3D1
CSTM59A41,Padmi Lala Mahendra,17,Perempuan,Jayapura,"ECATCF9A43, ECAT962BE2, ECATBC4CE7","ETWS10DD2D, ETWSC443AD"
CSTMD1933,Najwa Nainggolan,32,Perempuan,Dumai,ECATCB88CA,"ETWS9C7981, ETWSB74AEA"
CSTM2025E,Fathonah Hasna Wulandari,38,Perempuan,Subulussalam,ECATCB88CA,ETWS82BE68
CSTM7B545,Hasna Hutasoit,29,Perempuan,Tomohon,"ECATCB88CA, ECAT962BE2",ETWS17DFD3
CSTM2961D,Intan Zelda Riyanti,36,Perempuan,Tebingtinggi,ECATCB88CA,ETWS0EFB7A
CSTMB367B,Mujur Pudjiastuti,20,Laki-laki,Ambon,"ECAT962BE2, ECATCF9A43",ETWS8E3F3C
CSTM7B4F0,Hana Vicky Andriani,16,Perempuan,Purwokerto,ECAT14E3EF,"ETWS0FE105, ETWS8E3F3C"
CSTM80033,Rendy Karma Nurdiyanti,39,Laki-laki,Cilegon,"ECAT14E3EF, ECATCB88CA",ETWSC795D1
CSTMBE1F7,Shania Cakrabuana Wibisono,24,Perempuan,Denpasar,"ECATCB88CA, ECATBC4CE7, ECATCF9A43","ETWS7FA24D, ETWSBDDC69"
CSTMBEE57,Icha Prakasa,31,Perempuan,Tangerang Selatan,"ECATBC4CE7, ECAT14E3EF, ECATCF9A43",ETWS890AD6
CSTMB7837,Dariati Eko Hutasoit,37,Laki-laki,Palopo,ECATCB88CA,ETWSF93D2A
CSTMACB72,Hesti Irawan,38,Perempuan,Mojokerto,"ECAT14E3EF, ECATBC4CE7, ECATCF9A43","ETWS4CF5C3, ETWS15E214"
CSTMABF2E,Bakti Najwa Mulyani,24,Laki-laki,Bekasi,"ECAT14E3EF, ECATCF9A43",ETWSE8855E
CSTMCF2A0,Setya Suartini,32,Laki-laki,Sungai Penuh,ECAT14E3EF,ETWSCC736B
CSTM020FF,Irma Embuh Najmudin,24,Perempuan,Ternate,ECATBC4CE7,ETWS41AC62
CSTME3054,Nugraha Nalar Utami,16,Laki-laki,Semarang,ECAT5AB96A,"ETWSC97B66, ETWS7A5058"
CSTMDC50E,Ciaobella Muni Firmansyah,23,Perempuan,Pekanbaru,ECAT962BE2,ETWS013F34
CSTME4040,Kayla Putra,30,Perempuan,Gorontalo,ECAT962BE2,"ETWSAFD4E4, ETWSFBC9AB"
CSTM57C2C,Warji Dipa Mustofa,19,Laki-laki,Bau-Bau,"ECATCB88CA, ECAT962BE2, ECAT14E3EF","ETWS20A2AC, ETWS71D5E1"
CSTMB77E7,Pardi Irfan Nuraini,23,Laki-laki,Bogor,ECATCB88CA,"ETWSE721A5, ETWS64CBD3"
CSTM11E3D,Mala Jamil Usada,22,Perempuan,Tomohon,ECATCB88CA,ETWS79FF57
CSTMCD1FE,Paiman Prayoga,20,Laki-laki,Meulaboh,"ECATCF9A43, ECAT962BE2","ETWS967B37, ETWSAA2917"
CSTM0E7F7,Lintang Gara Suwarno,23,Perempuan,Surakarta,ECAT14E3EF,"ETWS5A1CBC, ETWS85A726"
CSTM0C9AF,Pangeran Setiawan,17,Laki-laki,Palopo,ECATCB88CA,ETWSE327E6
CSTM2FED6,Galur Bagus Utami,18,Laki-laki,Denpasar,"ECATBC4CE7, ECAT962BE2",ETWS656E3E
CSTM3532F,Paulin Kartika Prasetya,30,Perempuan,Sorong,"ECAT5AB96A, ECATCF9A43",ETWS8E3F3C
CSTM44F9C,Cornelia Suwarno,33,Perempuan,Langsa,"ECATCF9A43, ECAT962BE2","ETWS198C1F, ETWSD7FC0C"
CSTM0375F,Hartaka Sabar Lestari,24,Laki-laki,Serang,"ECATBC4CE7, ECAT962BE2","ETWS2E2232, ETWS8E3F3C"
CSTM6FF24,Budi Halimah,40,Laki-laki,Banda Aceh,ECAT962BE2,"ETWS449EE0, ETWSB35690"
CSTMB0F78,Elvin Siregar,34,Laki-laki,Dumai,ECATCF9A43,ETWS5A7C6A
CSTM6F096,Gawati Dabukke,17,Perempuan,Prabumulih,ECAT962BE2,ETWS3726B0
CSTM4E2F5,Ozy Pradana,18,Laki-laki,Tidore Kepulauan,ECAT962BE2,"ETWSDC2863, ETWS5E0A1B"
CSTM6C780,Betania Budiman,19,Perempuan,Kota Administrasi Jakarta Selatan,"ECATCF9A43, ECAT962BE2, ECATBC4CE7",ETWSD7FC0C
CSTMCF37B,Hani Maheswara,21,Perempuan,Sabang,ECATCF9A43,"ETWS3726B0, ETWS8E664D"
CSTMCA72E,Unggul Yunita Prastuti,40,Laki-laki,Kota Administrasi Jakarta Barat,"ECATCF9A43, ECATBC4CE7",ETWS35121B
CSTM9DA58,Ajimin Yuliarti,16,Laki-laki,Langsa,ECAT962BE2,ETWS187C0A
CSTM31460,Genta Bahuwirya Safitri,40,Perempuan,Metro,"ECAT5AB96A, ECATCF9A43, ECAT962BE2",ETWSB35690
CSTME0F4D,Irnanto Vero Usamah,33,Laki-laki,Kota Administrasi Jakarta Timur,"ECATBC4CE7, ECAT962BE2, ECATCF9A43",ETWSE2C09C
CSTM2921E,Martana Laksmiwati,32,Laki-laki,Pematangsiantar,"ECAT962BE2, ECAT14E3EF, ECAT5AB96A","ETWS3039FF, ETWS5A1CBC"
CSTM53943,Lala Ramadan,32,Perempuan,Banjar,"ECAT962BE2, ECAT5AB96A, ECATCB88CA","ETWS0ED45D, ETWSEAA76C"
CSTM5C640,Wasis Uchita Sudiati,17,Laki-laki,Denpasar,"ECATCF9A43, ECAT14E3EF, ECAT5AB96A",ETWS82BE68
CSTM8AC6E,Damar Gaduh Waluyo,35,Laki-laki,Samarinda,"ECAT962BE2, ECATBC4CE7","ETWSD7FC0C, ETWSAA367B"
CSTM383DC,Syahrini Mangunsong,23,Perempuan,Palembang,"ECAT962BE2, ECATCB88CA, ECAT14E3EF",ETWS0A5B45
CSTM221E9,Vivi Hari Rajata,29,Perempuan,Palembang,"ECATCF9A43, ECAT962BE2","ETWS1362A3, ETWS41AC62"
CSTMB55C0,Cawuk Sitompul,27,Laki-laki,Depok,ECATCB88CA,"ETWSF25249, ETWSA67718"
CSTM9152C,Talia Novitasari,38,Perempuan,Kediri,"ECAT962BE2, ECATBC4CE7","ETWS580551, ETWSE7A5A1"
CSTM17011,Candra Sinaga,19,Laki-laki,Kendari,ECAT962BE2,ETWS5E0A1B
CSTMCCCC3,Dasa Laksana Hassanah,19,Laki-laki,Lubuklinggau,"ECAT14E3EF, ECAT962BE2","ETWS891996, ETWS7A5058"
CSTM549D9,Galih Gaiman Yuniar,30,Laki-laki,Subulussalam,"ECATBC4CE7, ECAT14E3EF, ECAT962BE2","ETWS69678C, ETWS553A67"
CSTMB4923,Muni Maya Suryono,29,Laki-laki,Metro,"ECAT14E3EF, ECATBC4CE7, ECAT5AB96A",ETWSE7A5A1
CSTMBB13F,Karimah Oskar Kusumo,36,Perempuan,Magelang,ECAT5AB96A,ETWS967B37
CSTME1C33,Bella Hutasoit,37,Perempuan,Tanjungbalai,ECATCF9A43,"ETWSF25249, ETWS01B92D"
CSTM2E221,Tasdik Wahyuni,32,Laki-laki,Pematangsiantar,ECATCB88CA,"ETWS5EDD75, ETWS5E783F"
CSTMA2341,Ayu Atmaja Dongoran,33,Perempuan,Makassar,"ECATCF9A43, ECAT5AB96A, ECAT14E3EF",ETWS321D7C
CSTM4EAC4,Vera Zelaya Puspasari,20,Perempuan,Bontang,"ECAT962BE2, ECAT14E3EF, ECAT5AB96A",ETWS48117D
CSTM70F32,Gandi Jati Tarihoran,37,Laki-laki,Tanjungbalai,ECATCF9A43,"ETWS0EDB31, ETWS5A7C6A"
CSTMED511,Gandi Prayogo Haryanto,16,Laki-laki,Denpasar,ECATCF9A43,"ETWSEDCF87, ETWS25A273"
CSTME226A,Waluyo Hani Saragih,40,Laki-laki,Bengkulu,"ECATCB88CA, ECAT14E3EF, ECATCF9A43","ETWSD70236, ETWS82BE68"
CSTM9E860,Ilyas Elvin Riyanti,32,Laki-laki,Pematangsiantar,ECATCF9A43,ETWSAFD4E4
CSTM05CA1,Langgeng Kasusra Puspita,36,Laki-laki,Pekalongan,"ECATBC4CE7, ECATCF9A43",ETWSE75C86
CSTM34EF9,Bagas Palastri,26,Laki-laki,Sungai Penuh,"ECAT14E3EF, ECAT5AB96A, ECAT962BE2",ETWS9D9BB4
CSTM06D73,Lidya Ratna Mahendra,29,Perempuan,Bengkulu,"ECATBC4CE7, ECAT14E3EF","ETWSE8855E, ETWS5378A5"
CSTM9E1C8,Cengkal Gadang Natsir,40,Laki-laki,Serang,ECAT962BE2,"ETWSD1271E, ETWSAA6ACD"
CSTM2B1FE,Cawisono Purnawati,32,Laki-laki,Lubuklinggau,"ECAT962BE2, ECATCB88CA, ECATBC4CE7",ETWSC8525C
CSTME64EE,Usyi Mulyani,28,Perempuan,Payakumbuh,"ECATCB88CA, ECAT14E3EF, ECATCF9A43","ETWSE721A5, ETWSEAA76C"
CSTM80279,Wani Pudjiastuti,17,Perempuan,Banda Aceh,"ECAT5AB96A, ECATCF9A43",ETWS5508F4
CSTM7CA50,Laswi Lala Siregar,39,Laki-laki,Ternate,ECATCB88CA,ETWS880095
CSTM457A4,Nilam Pratama,35,Perempuan,Jambi,"ECATCF9A43, ECAT5AB96A",ETWS82BE68
CSTM5A252,Warji Kamidin Waskita,26,Laki-laki,Kota Administrasi Jakarta Barat,"ECATCB88CA, ECATBC4CE7, ECAT5AB96A","ETWSE145E1, ETWS48EAB0"
CSTM2A15C,Wira Raditya Nugroho,21,Laki-laki,Pariaman,"ECATCF9A43, ECATCB88CA","ETWSF34C60, ETWS3A15A5"
CSTM3A5BE,Jagaraga Sihombing,27,Laki-laki,Bima,"ECAT14E3EF, ECATBC4CE7, ECAT962BE2","ETWSCF1E10, ETWS002801"
CSTMBED01,Edison Megantara,33,Laki-laki,Sukabumi,"ECATCB88CA, ECATCF9A43",ETWS79A897
CSTM33A1E,Septi Puspasari,31,Perempuan,Cirebon,ECATCB88CA,"ETWS354FFC, ETWS488936"
CSTM34E6E,Slamet Winarno,29,Laki-laki,Samarinda,ECAT5AB96A,ETWSEFFE8E
CSTM3BA9A,Puti Padmasari,38,Perempuan,Bontang,"ECATCF9A43, ECATCB88CA",ETWSAFD4E4
CSTM8F5CB,Belinda Saefullah,36,Perempuan,Batam,"ECATCF9A43, ECAT962BE2, ECATBC4CE7","ETWS41AC62, ETWS880095"
CSTM1E772,Viktor Malik Pradipta,22,Laki-laki,Blitar,"ECAT962BE2, ECATCF9A43, ECAT14E3EF",ETWSC15EE8
CSTM69D1C,Praba Megantara,34,Laki-laki,Palopo,"ECAT5AB96A, ECAT14E3EF, ECATCF9A43",ETWS0EDB31
CSTM5220C,Hartaka Hilda Najmudin,35,Laki-laki,Pariaman,"ECATBC4CE7, ECAT962BE2, ECATCB88CA",ETWSB0A30D
CSTM938E9,Citra Tomi Manullang,38,Perempuan,Denpasar,"ECATCB88CA, ECAT962BE2, ECAT14E3EF","ETWSDFB723, ETWS287348"
CSTM02028,Shania Nasab Hastuti,22,Perempuan,Tangerang Selatan,"ECATCF9A43, ECAT5AB96A",ETWS58F1ED
CSTM57F1E,Jaswadi Fitriani Thamrin,26,Laki-laki,Kediri,ECAT5AB96A,"ETWSE6CE28, ETWS01B92D"
CSTM85A75,Ihsan Cahya Rajata,29,Laki-laki,Balikpapan,ECATCB88CA,"ETWSA86E4D, ETWS82BE68"
CSTM07EBE,Anita Luwar Najmudin,32,Perempuan,Kota Administrasi Jakarta Barat,"ECAT14E3EF, ECAT5AB96A",ETWS2B899E
CSTMFABA6,Restu Samosir,26,Perempuan,Jayapura,ECAT5AB96A,"ETWS48117D, ETWS82BE68"
CSTM427EB,Arsipatra Simbolon,26,Laki-laki,Pariaman,"ECATCF9A43, ECATBC4CE7, ECATCB88CA","ETWSC14251, ETWS013F34"
CSTM0E781,Zelda Kurniawan,36,Perempuan,Bogor,"ECAT962BE2, ECATBC4CE7","ETWS6D8C3D, ETWS5E0A1B"
CSTM3F0C2,Dagel Edward Anggraini,33,Laki-laki,Tarakan,"ECAT5AB96A, ECATCF9A43","ETWS0803B7, ETWSB35690"
CSTM970F8,Tira Paris Saefullah,31,Perempuan,Sawahlunto,"ECAT5AB96A, ECATBC4CE7",ETWS4963A7
CSTM6230A,Among Maulana,20,Laki-laki,Sibolga,"ECAT962BE2, ECAT5AB96A, ECAT14E3EF","ETWSB21454, ETWSD65441"
CSTMEBC90,Yulia Sitorus,20,Perempuan,Pagaralam,"ECATCB88CA, ECATBC4CE7, ECAT5AB96A",ETWS8A3FA6
CSTM0EF26,Johan Raihan Nasyiah,37,Laki-laki,Bogor,"ECAT14E3EF, ECAT5AB96A",ETWS0FE105
CSTMD518A,Puput Prasetyo Pradana,25,Perempuan,Bukittinggi,ECATCB88CA,"ETWS48117D, ETWS11DABC"
CSTM710F2,Halima Tarihoran,35,Perempuan,Kota Administrasi Jakarta Utara,ECATBC4CE7,ETWS3726EE
CSTM81813,Jagaraga Hidayanto,19,Laki-laki,Padangpanjang,"ECAT962BE2, ECATBC4CE7, ECATCB88CA","ETWSD65441, ETWS290A73"
CSTM3F96A,Harsana Prasasta,23,Laki-laki,Serang,"ECATCB88CA, ECAT962BE2","ETWS41AC62, ETWS4963A7"
CSTM83809,Michelle Siregar,40,Perempuan,Tanjungbalai,"ECATCB88CA, ECATBC4CE7, ECATCF9A43",ETWSA8FDE6
CSTMD2315,Ani Karja Lailasari,20,Perempuan,Kediri,"ECATCB88CA, ECATBC4CE7",ETWS0FE105
CSTM70DCC,Labuh Prabowo,17,Laki-laki,Banjar,"ECAT962BE2, ECATBC4CE7","ETWS287348, ETWSE8855E"
CSTM00B60,Garan Situmorang,38,Laki-laki,Semarang,ECAT962BE2,ETWSCE3DE3
CSTM37FE2,Fitria Hasim Utami,36,Perempuan,Palembang,"ECATCB88CA, ECATBC4CE7, ECATCF9A43","ETWSE9C84F, ETWS01B92D"
CSTM387D8,Kemal Zamira Halimah,40,Laki-laki,Magelang,"ECATCB88CA, ECAT14E3EF, ECAT5AB96A","ETWS11BA9A, ETWS0ED45D"
CSTM13269,Laras Rangga Melani,17,Perempuan,Pekalongan,ECAT5AB96A,ETWS1362A3
CSTM7507A,Hamzah Susanti,31,Laki-laki,Bengkulu,"ECAT14E3EF, ECAT962BE2, ECAT5AB96A","ETWS7B4509, ETWS7505F4"
CSTM36B8D,Rangga Artawan Sitompul,29,Laki-laki,Purwokerto,"ECAT962BE2, ECATCF9A43, ECATBC4CE7","ETWSEC5299, ETWS5E0A1B"
CSTM1052F,Cawuk Balamantri Waskita,19,Laki-laki,Ternate,"ECATCF9A43, ECAT962BE2, ECAT14E3EF","ETWSEFFE8E, ETWSE6CE28"
CSTM4CC6B,Kayla Nuraini,30,Perempuan,Tegal,ECAT5AB96A,"ETWS5913FA, ETWS0A5B45"
CSTM6E3A4,Gina Gara Adriansyah,24,Perempuan,Parepare,ECATBC4CE7,"ETWSE327E6, ETWS67E29D"
CSTMBE278,Uchita Prastuti,30,Perempuan,Tanjungpinang,"ECAT14E3EF, ECATCB88CA, ECAT5AB96A",ETWS9C7981
CSTM5CA96,Estiawan Talia Sihotang,39,Laki-laki,Kota Administrasi Jakarta Pusat,ECATCB88CA,ETWSF8003C
CSTM95E70,Gatra Bahuwarna Prakasa,33,Laki-laki,Bekasi,"ECATCF9A43, ECATCB88CA",ETWS5D855F
CSTM15DCD,Silvia Laila Padmasari,38,Perempuan,Cilegon,ECAT962BE2,ETWSBDDC69
CSTM935F1,Rusman Rajasa,29,Laki-laki,Denpasar,"ECAT962BE2, ECATCF9A43",ETWSB35690
CSTM7CEFD,Artawan Kuswandari,23,Laki-laki,Palembang,ECATBC4CE7,"ETWSBB9309, ETWSA86E4D"
CSTM72854,Samiah Saputra,25,Perempuan,Palembang,"ECAT5AB96A, ECATCB88CA",ETWS91D914
CSTMF1D39,Yahya Mandasari,20,Laki-laki,Samarinda,"ECAT5AB96A, ECAT962BE2, ECATBC4CE7","ETWS002801, ETWSE768EF"
CSTMDB4F3,Ian Karen Prasetyo,17,Laki-laki,Pangkalpinang,"ECATCB88CA, ECAT14E3EF, ECAT5AB96A",ETWS29308F
CSTMFFDA6,Lintang Galar Gunarto,16,Perempuan,Kotamobagu,ECAT5AB96A,"ETWS01B92D, ETWS15E214"
CSTM81867,Wasis Dabukke,35,Laki-laki,Kota Administrasi Jakarta Selatan,"ECATCF9A43, ECAT962BE2","ETWSCC736B, ETWS91D914"
CSTM477C0,Joko Winarno,32,Laki-laki,Depok,"ECAT14E3EF, ECAT962BE2, ECAT5AB96A",ETWS2A7149
CSTM4C058,Galiono Utama,33,Laki-laki,Bau-Bau,"ECATCB88CA, ECATBC4CE7, ECAT962BE2","ETWSB35690, ETWSA3ABAE"
CSTM7339A,Maryanto Ega Wulandari,33,Laki-laki,Kota Administrasi Jakarta Timur,"ECATCB88CA, ECATCF9A43",ETWS187C0A
CSTM47CA9,Kacung Fujiati,20,Laki-laki,Medan,"ECATCB88CA, ECAT5AB96A, ECAT14E3EF",ETWSA5F569
CSTM79221,Umar Hassanah,18,Laki-laki,Parepare,"ECATCB88CA, ECATBC4CE7",ETWSB74AEA
CSTMBE519,Zalindra Faizah Iswahyudi,20,Perempuan,Bandar Lampung,"ECAT962BE2, ECATCB88CA","ETWS42C680, ETWSC14251"
CSTM0AD19,Ciaobella Ellis Sihombing,29,Perempuan,Cirebon,"ECATCB88CA, ECATBC4CE7","ETWSEDCF87, ETWSC14251"
CSTMEB380,Dewi Situmorang,21,Perempuan,Palembang,ECATCB88CA,ETWSB83B81
CSTME349E,Faizah Mariadi Natsir,17,Perempuan,Tidore Kepulauan,ECATBC4CE7,ETWSE4F858
CSTM1E113,Luwes Siregar,23,Laki-laki,Medan,"ECATCB88CA, ECATBC4CE7, ECATCF9A43",ETWS429354
CSTM48341,Vera Titi Suwarno,37,Perempuan,Tanjungpinang,"ECATBC4CE7, ECATCF9A43","ETWS0AF595, ETWS967B37"
CSTM97F62,Usyi Aryani,34,Perempuan,Padang Sidempuan,ECATBC4CE7,ETWS0B358B
CSTM44DE8,Rahmi Situmorang,38,Perempuan,Pagaralam,"ECATCB88CA, ECAT5AB96A","ETWSAFD4E4, ETWS71D5E1"
CSTMA23FD,Lamar Jumari Pradipta,35,Laki-laki,Sungai Penuh,ECAT5AB96A,ETWSE09E74
CSTM4318C,Yuliana Melinda Mangunsong,27,Perempuan,Sungai Penuh,"ECATBC4CE7, ECATCB88CA",ETWS0AFCD5
CSTMB011C,Raisa Elvina Sitompul,35,Perempuan,Cilegon,"ECATBC4CE7, ECATCF9A43",ETWS187C0A
CSTM14225,Gangsa Queen Halim,29,Laki-laki,Kota Administrasi Jakarta Selatan,"ECATCF9A43, ECAT14E3EF, ECAT5AB96A","ETWSC443AD, ETWSC13A52"
CSTM10D59,Siti Jamalia Sinaga,37,Perempuan,Kediri,"ECAT962BE2, ECAT5AB96A",ETWS27916F
CSTM8C46F,Emong Bakianto Winarsih,37,Laki-laki,Semarang,ECAT962BE2,"ETWS8C5F69, ETWSF25249"
CSTMFF0F3,Oliva Dongoran,38,Perempuan,Kupang,"ECAT5AB96A, ECAT14E3EF","ETWSA3ABAE, ETWSBEE4A4"
CSTM18EB1,Vinsen Yahya Sihombing,18,Laki-laki,Pontianak,"ECATCF9A43, ECAT962BE2","ETWSF455CE, ETWSBEE4A4"
CSTM29471,Betania Waluyo,20,Perempuan,Serang,ECAT5AB96A,"ETWS890AD6, ETWS56743B"
CSTM457EC,Gada Nabila Zulaika,32,Laki-laki,Sabang,ECATCF9A43,"ETWSE2C09C, ETWS15E214"
CSTM89C53,Estiawan Akarsana Pangestu,20,Laki-laki,Makassar,"ECAT14E3EF, ECAT962BE2",ETWSF71F55
CSTMEFA9E,Lanang Hesti Nurdiyanti,37,Laki-laki,Pagaralam,"ECAT5AB96A, ECAT14E3EF",ETWS7EEC0B
CSTMC4239,Jabal Diana Hastuti,27,Laki-laki,Madiun,"ECATCB88CA, ECAT962BE2, ECATCF9A43",ETWS5D855F
CSTMA24BF,Salimah Talia Situmorang,34,Perempuan,Surabaya,"ECAT962BE2, ECAT5AB96A","ETWS62FACA, ETWS27916F"
CSTM1BB34,Bagiya Waskita,36,Laki-laki,Parepare,ECAT5AB96A,ETWS147D3F
CSTM09121,Maras Dian Mandala,33,Laki-laki,Palangkaraya,"ECAT962BE2, ECAT14E3EF","ETWSFBC9AB, ETWSE4F858"
CSTM9DF16,Banawi Napitupulu,23,Laki-laki,Purwokerto,ECAT962BE2,"ETWS71D5E1, ETWSEB596D"
CSTM318CB,Puji Waluyo,24,Perempuan,Pangkalpinang,"ECATBC4CE7, ECAT14E3EF, ECAT962BE2",ETWS553A67
CSTM4B260,Titi Safitri,25,Perempuan,Pangkalpinang,"ECAT5AB96A, ECATBC4CE7","ETWS015FFC, ETWS69678C"
CSTME1C42,Daru Wibisono,30,Laki-laki,Padang Sidempuan,"ECAT14E3EF, ECAT962BE2","ETWS5378A5, ETWS3039FF"
CSTM45641,Among Bajragin Hariyah,21,Laki-laki,Purwokerto,"ECAT14E3EF, ECATCB88CA, ECATCF9A43",ETWS1362A3
CSTMEAFEB,Makuta Kunthara Kusmawati,29,Laki-laki,Pariaman,"ECAT5AB96A, ECAT14E3EF",ETWS4921C9
CSTMAF71D,Novi Mahendra,18,Perempuan,Tegal,"ECATCB88CA, ECATCF9A43, ECAT5AB96A","ETWSB74AEA, ETWS3692EB"
CSTMB9719,Hasan Marsudi Narpati,35,Laki-laki,Manado,"ECAT5AB96A, ECAT962BE2","ETWSF91D41, ETWSC15EE8"
CSTMA4A53,Ihsan Rini Utama,25,Laki-laki,Pekanbaru,"ECAT962BE2, ECAT5AB96A","ETWSAAEB9B, ETWS974000"
CSTMDB846,Rahmi Mansur,20,Perempuan,Sabang,"ECAT962BE2, ECAT14E3EF, ECATBC4CE7",ETWSDC2863
CSTMD26A6,Diana Darmaji Sihombing,21,Perempuan,Bau-Bau,"ECAT962BE2, ECATCF9A43",ETWS354FFC
CSTMF2A39,Icha Manah Aryani,33,Perempuan,Kota Administrasi Jakarta Timur,"ECATBC4CE7, ECAT5AB96A, ECATCB88CA","ETWS82BE68, ETWSE2C09C"
CSTMA6521,Farah Artanto Mangunsong,26,Perempuan,Bandung,"ECAT14E3EF, ECATBC4CE7",ETWSCC736B
CSTM714AA,Puti Suryono,32,Perempuan,Metro,ECAT5AB96A,"ETWSEF06D1, ETWS3D13C6"
CSTMEDF1D,Samsul Sitorus,39,Laki-laki,Palangkaraya,"ECATCF9A43, ECAT14E3EF","ETWS8E3F3C, ETWSB58FD7"
CSTM5B2A2,Harja Jaeman Mayasari,19,Laki-laki,Kota Administrasi Jakarta Timur,ECATCF9A43,"ETWS6B4905, ETWS1503F8"
CSTM4713B,Ismail Widiastuti,36,Laki-laki,Sorong,"ECAT962BE2, ECAT14E3EF",ETWS967B37
CSTMD20F4,Luluh Tri Wulandari,24,Laki-laki,Tebingtinggi,ECATBC4CE7,"ETWS0B358B, ETWS3692EB"
CSTMCBFF1,Yuni Riyanti,23,Perempuan,Tasikmalaya,"ECAT962BE2, ECATCF9A43","ETWS321D7C, ETWS8A3FA6"
CSTMFC435,Hairyanto Julia Mansur,24,Laki-laki,Kota Administrasi Jakarta Barat,"ECATBC4CE7, ECATCB88CA",ETWSF10659
CSTM2AF57,Nova Safitri,33,Perempuan,Batu,"ECAT5AB96A, ECAT14E3EF, ECATCF9A43","ETWS58F1ED, ETWSD1271E"
CSTMDF34B,Galang Lantar Anggraini,18,Laki-laki,Kediri,ECATCF9A43,"ETWS59F571, ETWS788D41"
CSTM2A12B,Gamanto Kusmawati,20,Laki-laki,Kota Administrasi Jakarta Pusat,"ECATBC4CE7, ECAT5AB96A","ETWS9D9BB4, ETWSAA8E74"
CSTM1996F,Dipa Maryadi,28,Laki-laki,Bogor,"ECAT5AB96A, ECAT14E3EF, ECATBC4CE7","ETWS5A7C6A, ETWS278D45"
CSTMAECE4,Mila Uchita Siregar,18,Perempuan,Kotamobagu,"ECATCF9A43, ECATCB88CA, ECATBC4CE7","ETWSAFD4E4, ETWSD96432"
CSTMAFBBD,Usyi Saptono,20,Perempuan,Banjarbaru,"ECATCB88CA, ECATBC4CE7, ECAT962BE2",ETWS6BDFB5
CSTMB260C,Bakianto Damu Mandasari,37,Laki-laki,Tasikmalaya,ECAT5AB96A,"ETWS7505F4, ETWSB83B81"
CSTM684C2,Garda Iswahyudi,16,Laki-laki,Yogyakarta,"ECAT5AB96A, ECATCF9A43","ETWS287348, ETWS3726B0"
CSTM50B99,Kajen Mandala,34,Laki-laki,Bukittinggi,"ECAT14E3EF, ECAT5AB96A, ECATCB88CA","ETWS0EDB31, ETWS4921C9"
CSTM1FC3B,Jane Rahimah,38,Perempuan,Tebingtinggi,"ECAT14E3EF, ECAT5AB96A","ETWS3E9FF6, ETWS488936"
CSTM010CB,Rahmi Fitria Namaga,23,Perempuan,Denpasar,ECATBC4CE7,ETWS13FDB0
CSTM7BAE8,Rahmi Latupono,33,Perempuan,Balikpapan,"ECAT14E3EF, ECAT5AB96A, ECATCB88CA","ETWS13FDB0, ETWS967B37"
CSTMBDA35,Pia Pangestu,34,Perempuan,Kota Administrasi Jakarta Barat,"ECATBC4CE7, ECAT962BE2, ECAT5AB96A","ETWS6B4905, ETWSF76016"
CSTMABD5B,Nadine Hani Napitupulu,27,Perempuan,Bekasi,"ECAT14E3EF, ECAT962BE2, ECAT5AB96A",ETWSAD11FD
CSTM20D72,Mahdi Cornelia Pranowo,20,Laki-laki,Manado,ECAT962BE2,"ETWS20F48E, ETWS0ED45D"
CSTM23EC6,Tasdik Ganjaran Suartini,40,Laki-laki,Palopo,"ECAT962BE2, ECATCF9A43, ECAT14E3EF","ETWS015FFC, ETWS93C913"
CSTME7ADD,Mila Padmasari,18,Perempuan,Singkawang,"ECATBC4CE7, ECAT14E3EF, ECATCB88CA",ETWS0FE105
CSTM76CDA,Karen Putra,24,Perempuan,Tanjungpinang,"ECATBC4CE7, ECATCB88CA, ECAT14E3EF",ETWS048321
CSTMFCD6B,Olga Nadine Gunarto,34,Laki-laki,Kendari,"ECATCF9A43, ECAT14E3EF",ETWSF10659
CSTM3FE1A,Cahya Wahyuni,27,Laki-laki,Kota Administrasi Jakarta Selatan,"ECATCB88CA, ECAT14E3EF, ECATCF9A43","ETWS2F0E0E, ETWS4B6130"
CSTM10DC0,Dimas Jagaraga Wibisono,23,Laki-laki,Pekalongan,ECAT5AB96A,"ETWSC2F190, ETWS9C7981"
CSTM53476,Iriana Titi Jailani,37,Perempuan,Kendari,"ECAT5AB96A, ECATBC4CE7","ETWS3ECD2D, ETWS3A15A5"
CSTMD9E8E,Jono Hasan Purwanti,21,Laki-laki,Magelang,"ECAT5AB96A, ECATBC4CE7, ECAT14E3EF",ETWS0B5C2F
CSTM19D70,Makuta Kurniawan,17,Laki-laki,Solok,"ECAT962BE2, ECATBC4CE7, ECAT5AB96A","ETWS957CDD, ETWSEE4EB9"
CSTMA7BD1,Bahuraksa Setiawan,36,Laki-laki,Meulaboh,ECATCF9A43,"ETWS4FFEE0, ETWSE75C86"
CSTM54563,Olivia Winarno,33,Perempuan,Payakumbuh,"ECATCF9A43, ECAT5AB96A","ETWS20F48E, ETWSBDDC69"
CSTM284EA,Purwadi Sakti Napitupulu,36,Laki-laki,Cilegon,ECAT962BE2,"ETWS278D45, ETWS198C1F"
CSTM544F5,Kartika Jaiman Kusmawati,18,Perempuan,Tomohon,"ECATCB88CA, ECATBC4CE7, ECAT962BE2","ETWSEC0709, ETWS967B37"
CSTMD7074,Empluk Irawan,29,Laki-laki,Salatiga,"ECATCF9A43, ECAT962BE2","ETWSEAA76C, ETWS891660"
CSTM5D18F,Puput Wijayanti,20,Perempuan,Pekalongan,"ECAT962BE2, ECATBC4CE7, ECAT14E3EF",ETWSFA28F2
CSTMD2A4A,Siti Galiono Laksmiwati,19,Perempuan,Yogyakarta,"ECAT14E3EF, ECATBC4CE7",ETWS0C0E22
CSTM507C9,Widya Wibowo,24,Perempuan,Palangkaraya,"ECAT14E3EF, ECATCF9A43","ETWS48117D, ETWS8A3FA6"
CSTMBED66,Irnanto Iswahyudi,40,Laki-laki,Kota Administrasi Jakarta Pusat,"ECAT962BE2, ECAT14E3EF",ETWS3148F6
CSTM64E12,Latika Pangestu Nurdiyanti,39,Perempuan,Prabumulih,"ECAT14E3EF, ECAT5AB96A, ECATBC4CE7","ETWS72F258, ETWSFDED40"
CSTM5496E,Aisyah Wulandari,32,Perempuan,Gorontalo,"ECAT14E3EF, ECATBC4CE7","ETWS82BE68, ETWS69678C"
CSTM4744E,Latika Lazuardi,18,Perempuan,Banda Aceh,"ECATBC4CE7, ECAT14E3EF, ECATCB88CA",ETWS788D41
CSTMB10A8,Lalita Pratiwi,29,Perempuan,Kediri,"ECATCB88CA, ECATBC4CE7","ETWS20F48E, ETWS7B7E2B"
CSTM352D6,Belinda Sinaga,39,Perempuan,Banjarmasin,"ECATCF9A43, ECAT14E3EF","ETWSCB253C, ETWS48117D"
CSTM8C899,Nrima Violet Yuliarti,21,Laki-laki,Depok,ECAT5AB96A,"ETWS62FACA, ETWSCE3C05"
CSTMA31C5,Lanjar Wijaya,24,Laki-laki,Payakumbuh,ECAT962BE2,ETWSE4F858
CSTM701EB,Eja Bakiman Pudjiastuti,19,Laki-laki,Tomohon,ECAT5AB96A,ETWSC5A05E
CSTM8C8BC,Zahra Indra Kurniawan,21,Perempuan,Palopo,"ECAT14E3EF, ECAT5AB96A",ETWSE4F858
CSTM80A04,Nasab Hidayanto,19,Laki-laki,Mojokerto,"ECATCF9A43, ECATBC4CE7, ECATCB88CA",ETWSCFDEAF
CSTMFBA77,Cengkal Ani Zulkarnain,18,Laki-laki,Medan,"ECAT14E3EF, ECATCB88CA, ECATBC4CE7",ETWS48117D
CSTMC1A42,Radika Laksita,23,Laki-laki,Payakumbuh,"ECATCF9A43, ECATCB88CA","ETWS11DABC, ETWSBDDC69"
CSTMC08F1,Prayitna Purwanti,26,Laki-laki,Balikpapan,"ECAT962BE2, ECATCF9A43, ECATCB88CA",ETWS1362A3
CSTM62E9E,Janet Puti Permata,22,Perempuan,Magelang,ECATBC4CE7,ETWS9C7981
CSTM9A395,Saka Purnawati,21,Laki-laki,Batam,"ECATCF9A43, ECAT962BE2, ECAT5AB96A","ETWS891996, ETWS959BF3"
CSTM37E98,Prayogo Marpaung,27,Laki-laki,Jambi,"ECATBC4CE7, ECAT5AB96A","ETWS9C12AD, ETWSF98833"
CSTMB37AC,Xanana Prastuti,31,Laki-laki,Tual,"ECATCF9A43, ECAT962BE2, ECATBC4CE7","ETWS93C913, ETWS1A1A80"
CSTM55747,Maimunah Saputra,32,Perempuan,Tangerang,"ECAT5AB96A, ECAT14E3EF, ECATCF9A43",ETWSE75C86
CSTM8CD05,Gabriella Tugiman Hutasoit,30,Perempuan,Tarakan,"ECAT14E3EF, ECATCB88CA","ETWS891660, ETWS21CDBB"
CSTMF7AF2,Akarsana Nashiruddin,34,Laki-laki,Sukabumi,"ECAT962BE2, ECATBC4CE7",ETWSAF3337
CSTM36B48,Cemeti Cahya Budiyanto,39,Laki-laki,Ternate,"ECAT14E3EF, ECATCB88CA, ECAT5AB96A","ETWSBEE4A4, ETWS0AE08B"
CSTM67DDC,Hamzah Handayani,32,Laki-laki,Tebingtinggi,"ECAT5AB96A, ECAT14E3EF","ETWSBDDC69, ETWS82BE68"
CSTM56080,Kadir Pratiwi,38,Laki-laki,Pekanbaru,ECATCB88CA,ETWS13FDB0
CSTM4AC27,Sabrina Gatot Mahendra,16,Perempuan,Kota Administrasi Jakarta Utara,ECAT14E3EF,"ETWS488936, ETWS59F571"
CSTM4B2A8,Widya Yolanda,22,Perempuan,Samarinda,"ECAT5AB96A, ECATCF9A43","ETWS7B2F84, ETWS48117D"
CSTM66583,Suci Yuliarti,17,Perempuan,Tanjungbalai,ECATCF9A43,"ETWS82BE68, ETWS48117D"
CSTM84992,Hana Setiawan,22,Perempuan,Tanjungpinang,ECAT14E3EF,"ETWS13FDB0, ETWS27916F"
CSTMCF858,Hairyanto Permata,36,Laki-laki,Metro,"ECATCF9A43, ECAT5AB96A",ETWSAA8E74
CSTM8DEB9,Margana Jaiman Habibi,17,Laki-laki,Depok,"ECAT962BE2, ECAT14E3EF",ETWSDE6472
CSTMF87AB,Yuni Prakosa Yuniar,32,Perempuan,Tual,"ECATBC4CE7, ECAT962BE2, ECAT5AB96A",ETWSE8855E
CSTMF78A1,Nadia Jamalia Nashiruddin,21,Perempuan,Palopo,"ECATCF9A43, ECAT5AB96A, ECAT14E3EF","ETWSB21454, ETWSC443AD"
CSTMAA803,Vero Ami Kuswandari,28,Laki-laki,Pasuruan,"ECAT5AB96A, ECAT962BE2, ECATCB88CA","ETWS3E9FF6, ETWS2DE514"
CSTM9CC0D,Indah Hilda Thamrin,18,Perempuan,Batam,"ECAT5AB96A, ECATCF9A43","ETWS79A897, ETWS9B8B2E"
CSTM6B94E,Kayla Simbolon,38,Perempuan,Cirebon,"ECAT14E3EF, ECAT962BE2, ECATCB88CA",ETWS97A4DF
CSTM04D2F,Najib Wahyuni,19,Laki-laki,Cirebon,"ECAT962BE2, ECAT5AB96A, ECATCB88CA","ETWS9B8B2E, ETWS8E3F3C"
CSTM14292,Yuni Namaga,36,Perempuan,Makassar,ECAT5AB96A,"ETWSAA2917, ETWSEC0709"
CSTM3ADFA,Mumpuni Wahyu Maulana,32,Laki-laki,Padang Sidempuan,"ECAT5AB96A, ECAT14E3EF, ECAT962BE2","ETWS3148F6, ETWS87B36D"
CSTM46746,Legawa Laksmiwati,16,Laki-laki,Kota Administrasi Jakarta Selatan,"ECAT14E3EF, ECATBC4CE7, ECATCB88CA",ETWSD1271E
CSTM98885,Bakijan Mustofa,29,Laki-laki,Medan,"ECATCF9A43, ECAT962BE2, ECATBC4CE7",ETWS3692EB
CSTMEEAC2,Betania Lestari,31,Perempuan,Padang,ECAT5AB96A,ETWS3C8DCE
CSTM5329E,Martani Mandasari,28,Laki-laki,Padang,"ECAT14E3EF, ECATCF9A43",ETWS967B37
CSTME989B,Jaeman Gasti Palastri,20,Laki-laki,Depok,"ECAT962BE2, ECAT5AB96A, ECATCF9A43",ETWS20F48E
CSTME1D8F,Gilda Betania Zulaika,34,Perempuan,Pangkalpinang,"ECATCF9A43, ECAT962BE2",ETWS8E3F3C
CSTM525EF,Jane Suryatmi,40,Perempuan,Tomohon,"ECAT962BE2, ECATCB88CA, ECATCF9A43","ETWSD96432, ETWS64CBD3"
CSTMEF106,Estiawan Mangunsong,24,Laki-laki,Tidore Kepulauan,ECATCF9A43,ETWSEDCF87
CSTME7B3B,Karna Saefullah,22,Laki-laki,Tanjungbalai,ECATBC4CE7,"ETWSDB546C, ETWS64CBD3"
CSTM1F2BE,Enteng Queen Hidayat,17,Laki-laki,Blitar,"ECAT5AB96A, ECATCF9A43",ETWS58F1ED
CSTMB3294,Hartaka Kiandra Pratama,33,Laki-laki,Langsa,"ECATCF9A43, ECAT5AB96A","ETWS5A7C6A, ETWSE9C84F"
CSTM5AF44,Ciaobella Waluyo,29,Perempuan,Palopo,ECATBC4CE7,"ETWSD65441, ETWS3039FF"
CSTM05624,Ira Tarihoran,40,Perempuan,Tangerang,ECAT14E3EF,"ETWSEDCF87, ETWS5E783F"
CSTM3F799,Asmuni Nurdiyanti,18,Laki-laki,Palopo,"ECAT962BE2, ECAT5AB96A, ECATCF9A43","ETWSEFFE8E, ETWS13FDB0"
CSTMC1DE8,Makuta Darijan Yuliarti,19,Laki-laki,Medan,"ECATCB88CA, ECAT5AB96A, ECAT14E3EF","ETWSE6CE28, ETWS7505F4"
CSTMAF872,Ophelia Danu Purnawati,26,Perempuan,Pekalongan,"ECAT5AB96A, ECATBC4CE7","ETWS3148F6, ETWS41AC62"
CSTM94605,Arta Sidiq Laksita,37,Laki-laki,Kota Administrasi Jakarta Pusat,"ECAT14E3EF, ECATCB88CA, ECAT962BE2","ETWS5508F4, ETWS96607F"
CSTM993F0,Unggul Jindra Firgantoro,26,Laki-laki,Bima,"ECAT5AB96A, ECATCF9A43, ECATCB88CA",ETWS013F34
CSTMDDE17,Puput Prasetyo,33,Perempuan,Pematangsiantar,"ECAT5AB96A, ECAT14E3EF","ETWS488936, ETWS5E0A1B"
CSTM56A85,Olivia Maman Latupono,34,Perempuan,Tebingtinggi,ECATCB88CA,ETWSBDDC69
CSTMEB5CD,Cecep Rendy Saptono,20,Laki-laki,Bima,"ECATCB88CA, ECAT962BE2",ETWS5EDD75
CSTM2EAFE,Lukita Wahyu Hastuti,30,Laki-laki,Batam,ECAT962BE2,ETWS87B36D
CSTM45496,Diana Jail Sudiati,26,Perempuan,Yogyakarta,"ECATCB88CA, ECAT5AB96A, ECAT962BE2",ETWS788D41
CSTM85FC0,Olga Balangga Setiawan,39,Laki-laki,Magelang,"ECAT14E3EF, ECATCF9A43","ETWS01B92D, ETWS013F34"
CSTM20F98,Argono Jagapati Maheswara,28,Laki-laki,Palu,ECAT962BE2,ETWSEE4EB9
CSTMD5D7E,Kala Wastuti,33,Laki-laki,Manado,ECATCF9A43,"ETWS01B92D, ETWS187C0A"
CSTM6FB9B,Mala Heryanto Salahudin,36,Perempuan,Subulussalam,ECATBC4CE7,ETWSEC0709
CSTMBE451,Oman Aslijan Mandala,23,Laki-laki,Sabang,ECAT14E3EF,ETWSAA2917
CSTMDBC24,Kiandra Alika Aryani,33,Perempuan,Batam,"ECAT5AB96A, ECATCB88CA, ECAT14E3EF","ETWSBEE4A4, ETWS9C7981"
CSTMA99D1,Mila Danu Ramadan,22,Perempuan,Tidore Kepulauan,"ECATCF9A43, ECATBC4CE7","ETWSD7FC0C, ETWSD1271E"
CSTM565A2,Puji Jail Sinaga,17,Perempuan,Metro,"ECAT5AB96A, ECATCF9A43, ECAT962BE2","ETWSB35690, ETWS5E0A1B"
CSTM369D3,Banawi Laksmiwati,39,Laki-laki,Palangkaraya,ECATBC4CE7,ETWSB74AEA
CSTM600D2,Harsaya Silvia Narpati,17,Laki-laki,Metro,ECAT14E3EF,ETWS043689
CSTM3BA89,Pranata Sirait,16,Laki-laki,Jambi,ECATCF9A43,ETWSF1932F
CSTMAB2FC,Tania Sitorus,19,Perempuan,Tanjungbalai,"ECATBC4CE7, ECAT5AB96A, ECAT962BE2",ETWS7691B6
CSTMB34C3,Daniswara Hendra Haryanto,33,Laki-laki,Lhokseumawe,"ECAT962BE2, ECATBC4CE7, ECATCF9A43","ETWS81866D, ETWS67E29D"
CSTM05553,Ina Raina Putra,16,Perempuan,Kotamobagu,ECAT14E3EF,"ETWS56743B, ETWSBD5110"
CSTMA636D,Zizi Padmasari,24,Perempuan,Probolinggo,ECATCF9A43,ETWSB0CE33
CSTM1FDA3,Jumadi Hutagalung,32,Laki-laki,Sukabumi,"ECAT962BE2, ECATBC4CE7, ECAT14E3EF","ETWS6BDFB5, ETWSE721A5"
CSTMEE1CD,Jinawi Saragih,38,Laki-laki,Pontianak,"ECATCF9A43, ECAT14E3EF","ETWS56743B, ETWSDBCA47"
CSTMF3228,Victoria Yani Handayani,23,Perempuan,Palembang,ECATCB88CA,ETWS11BA9A
CSTMA4D02,Kemba Januar,25,Laki-laki,Banjarmasin,ECATCF9A43,"ETWS81866D, ETWS0C0E22"
CSTM965AC,Jane Sirait,21,Perempuan,Sungai Penuh,"ECAT14E3EF, ECATBC4CE7","ETWS0AFCD5, ETWS0FE105"
CSTM9C753,Galur Hidayanto,31,Laki-laki,Binjai,ECATBC4CE7,"ETWS6C9C8B, ETWS11BA9A"
CSTM23190,Samiah Cakrajiya Hidayanto,16,Perempuan,Bau-Bau,ECAT5AB96A,"ETWS40D298, ETWS5D855F"
CSTM8F979,Cengkir Pratiwi,21,Laki-laki,Blitar,ECATCF9A43,ETWS6BDFB5
CSTM42DE0,Ajiman Legawa Sihombing,17,Laki-laki,Lubuklinggau,"ECATBC4CE7, ECATCB88CA",ETWSFBC9AB
CSTM50E1B,Hardi Budiyanto,27,Laki-laki,Purwokerto,ECATCF9A43,"ETWS0BEE0B, ETWSC97B66"
CSTM34C97,Pranata Rahimah,39,Laki-laki,Padang,"ECAT5AB96A, ECATCB88CA","ETWS3D13C6, ETWSFF8087"
CSTM12F4D,Zahra Jasmani Prasetya,22,Perempuan,Ternate,ECATCB88CA,ETWSE2C09C
CSTM5C991,Ajeng Pratama,20,Perempuan,Pekalongan,"ECAT5AB96A, ECATBC4CE7",ETWSD65441
CSTMC7D22,Tirta Nabila Salahudin,18,Laki-laki,Palembang,"ECAT962BE2, ECATBC4CE7",ETWS8E3F3C
CSTMCA9F4,Paiman Asirwanda Pangestu,27,Laki-laki,Lhokseumawe,"ECATBC4CE7, ECATCF9A43","ETWS187C0A, ETWS80D7CD"
CSTM1BBEA,Zelda Jaga Pradana,28,Perempuan,Serang,"ECAT5AB96A, ECATBC4CE7, ECAT14E3EF",ETWS13FDB0
CSTM4182B,Timbul Jaeman Dongoran,33,Laki-laki,Kota Administrasi Jakarta Pusat,"ECATCB88CA, ECATBC4CE7, ECATCF9A43","ETWS4DABC0, ETWS48117D"
CSTM065FD,Vivi Asmuni Wijaya,33,Perempuan,Malang,"ECATCF9A43, ECAT14E3EF","ETWS41AC62, ETWS5CC7F6"
CSTMBA3F1,Panji Najmudin,22,Laki-laki,Serang,"ECAT14E3EF, ECATCB88CA, ECAT5AB96A","ETWS2A7149, ETWS3039FF"
CSTM05535,Bakiono Cawisono Salahudin,22,Laki-laki,Pagaralam,"ECATBC4CE7, ECAT962BE2",ETWS766811
CSTMCF558,Rangga Laksita,20,Laki-laki,Pontianak,"ECATBC4CE7, ECATCB88CA, ECAT5AB96A","ETWSFBC9AB, ETWS639911"
CSTME8C50,Zelaya Genta Fujiati,27,Perempuan,Tegal,"ECATCF9A43, ECAT962BE2",ETWSCE3C05
CSTM38292,Jindra Budiyanto,20,Laki-laki,Tanjungbalai,ECATCB88CA,"ETWSAAEB9B, ETWSDE6472"
CSTM194C5,Reza Reza Widodo,40,Laki-laki,Mataram,"ECAT14E3EF, ECAT5AB96A",ETWS3ECD2D
CSTMAEB0E,Kusuma Megantara,34,Laki-laki,Batu,"ECAT14E3EF, ECAT5AB96A, ECATBC4CE7","ETWS1362A3, ETWS13FDB0"
CSTM63BEF,Baktianto Prasetyo,38,Laki-laki,Manado,"ECATCB88CA, ECATBC4CE7",ETWSB35690
CSTM21780,Kayla Hartati,17,Perempuan,Banjarmasin,"ECAT5AB96A, ECATBC4CE7","ETWSECA263, ETWS3726EE"
CSTMDD9BF,Maria Ardianto,19,Perempuan,Palu,"ECAT5AB96A, ECAT962BE2",ETWSAAEB9B
CSTM9A939,Ratna Lasmanto Tampubolon,24,Perempuan,Sawahlunto,"ECAT962BE2, ECATBC4CE7",ETWSF25249
CSTM7EFDA,Belinda Saputra,34,Perempuan,Banjarmasin,ECAT5AB96A,ETWS82BE68
CSTM7F6B6,Langgeng Widya Maryadi,17,Laki-laki,Bima,"ECAT14E3EF, ECATCB88CA, ECAT962BE2",ETWSAA2917
CSTME4A98,Among Candra Nugroho,27,Laki-laki,Palopo,"ECATCB88CA, ECATCF9A43, ECAT962BE2",ETWS806ABE
CSTME48EC,Unjani Harjo Andriani,37,Perempuan,Kotamobagu,ECAT14E3EF,"ETWS9BB84A, ETWS56743B"
CSTMD70DA,Laksana Ida Budiyanto,23,Laki-laki,Manado,ECATBC4CE7,"ETWS81866D, ETWS8A3DEA"
CSTM6B703,Wage Pradana,23,Laki-laki,Pangkalpinang,"ECATCB88CA, ECAT962BE2, ECAT14E3EF",ETWS13FDB0
CSTM7EAD2,Ivan Pratama,25,Laki-laki,Prabumulih,"ECAT962BE2, ECATCF9A43",ETWSF91B79
CSTM488B8,Cinthia Maulana,34,Perempuan,Bogor,"ECAT5AB96A, ECATCB88CA",ETWSC443AD
CSTMEAD2E,Yance Putra,40,Perempuan,Parepare,"ECATBC4CE7, ECAT14E3EF, ECATCB88CA","ETWS69678C, ETWSCA6177"
CSTM8BA94,Kezia Calista Manullang,31,Perempuan,Salatiga,"ECAT14E3EF, ECATBC4CE7","ETWS41AC62, ETWSBCB1C5"
CSTM08672,Ratih Shakila Wibisono,28,Perempuan,Kendari,"ECATBC4CE7, ECAT962BE2, ECAT5AB96A","ETWSF96024, ETWSDFB723"
CSTM4E8EF,Rachel Kenari Hardiansyah,32,Perempuan,Tasikmalaya,"ECATCF9A43, ECAT5AB96A",ETWSC1F28E
CSTMC4ED2,Azalea Waluyo,32,Perempuan,Sungai Penuh,ECATCF9A43,"ETWS0AF595, ETWSC8525C"
CSTM7934C,Agus Fujiati,31,Laki-laki,Denpasar,ECAT14E3EF,ETWSC443AD
CSTMDA721,Oman Irawan,27,Laki-laki,Jambi,"ECAT14E3EF, ECATBC4CE7","ETWS967B37, ETWSC13A52"
CSTM30AA3,Oni Maryati,30,Perempuan,Tangerang,"ECATBC4CE7, ECATCB88CA, ECAT5AB96A","ETWS20A2AC, ETWS42C680"
CSTM5BF50,Zulaikha Marpaung,20,Perempuan,Gorontalo,ECAT962BE2,ETWSEC0709
CSTMC63DE,Najib Rini Zulaika,18,Laki-laki,Tidore Kepulauan,ECAT962BE2,ETWS9E6948
CSTMDA573,Oliva Balijan Usada,30,Perempuan,Kota Administrasi Jakarta Timur,"ECAT14E3EF, ECAT962BE2","ETWS79A897, ETWSCC736B"
CSTMF512A,Karya Permadi,29,Laki-laki,Tomohon,ECAT14E3EF,ETWSA67718
CSTM65068,Ajeng Wibowo,40,Perempuan,Cimahi,ECATCB88CA,"ETWSDE6472, ETWSA454CE"
CSTM6CDEF,Martaka Wijaya,19,Laki-laki,Pematangsiantar,"ECATCF9A43, ECATBC4CE7",ETWSC2F190
CSTMED449,Tantri Pangestu,26,Perempuan,Kota Administrasi Jakarta Selatan,ECAT5AB96A,"ETWS0EDB31, ETWSA65653"
CSTM182D4,Ophelia Mustofa,26,Perempuan,Mataram,ECAT14E3EF,"ETWS0AE08B, ETWS72F258"
CSTM70452,Jumari Maria Mandasari,30,Laki-laki,Kota Administrasi Jakarta Timur,ECAT14E3EF,ETWSE768EF
CSTM5915A,Fitria Pudjiastuti,35,Perempuan,Parepare,ECAT962BE2,ETWSDB546C
CSTM9E497,Belinda Nasyiah,20,Perempuan,Solok,ECATCB88CA,"ETWSCE3C05, ETWS25A273"
CSTM4F3DB,Yessi Ramadan,16,Perempuan,Cimahi,"ECAT14E3EF, ECATCB88CA, ECAT5AB96A","ETWSB35690, ETWS29308F"
CSTMF8169,Farhunnisa Lazuardi,17,Perempuan,Samarinda,"ECATCF9A43, ECAT962BE2","ETWS015FFC, ETWSF10659"
CSTM07D15,Raina Paiman Situmorang,24,Perempuan,Pematangsiantar,"ECAT5AB96A, ECATBC4CE7","ETWS2F0E0E, ETWS58F1ED"
CSTMD2976,Cecep Fujiati,37,Laki-laki,Sibolga,"ECAT962BE2, ECAT5AB96A, ECAT14E3EF","ETWS0FE105, ETWSC443AD"
CSTME34C5,Rendy Wasita,16,Laki-laki,Batu,ECATCB88CA,"ETWS11DABC, ETWSBD5110"
CSTM3AFBF,Zahra Adriansyah,17,Perempuan,Banjarmasin,"ECAT5AB96A, ECATCF9A43",ETWS788D41
CSTMD0B55,Rahmat Mahendra,26,Laki-laki,Medan,ECAT5AB96A,ETWSC443AD
CSTM94DA1,Nasab Lega Prayoga,27,Laki-laki,Yogyakarta,ECATCF9A43,ETWS891660
CSTM764DF,Hardana Salahudin,24,Laki-laki,Blitar,"ECAT14E3EF, ECATCF9A43",ETWS5A7C6A
CSTM854AA,Raisa Wijayanti,20,Perempuan,Subulussalam,ECAT5AB96A,ETWSF91D41
CSTM159E1,Azalea Rizki Yuniar,31,Perempuan,Sungai Penuh,"ECAT14E3EF, ECATCB88CA, ECATCF9A43",ETWS1A1A80
CSTM99307,Lulut Usada,17,Laki-laki,Cimahi,ECATCB88CA,"ETWSC14251, ETWS187C0A"
CSTM159E5,Oni Melani,23,Perempuan,Kendari,ECAT962BE2,"ETWSAA367B, ETWS0AF595"
CSTM3C89E,Tami Karman Saefullah,31,Perempuan,Padang Sidempuan,"ECATCB88CA, ECATBC4CE7",ETWS48117D
CSTM3C949,Yunita Prabowo,18,Perempuan,Banjarbaru,"ECAT14E3EF, ECATBC4CE7, ECAT5AB96A","ETWS9C12AD, ETWS62FACA"
CSTMFAE50,Wani Pratama,19,Perempuan,Dumai,ECATCF9A43,ETWS9C7981
CSTM38D64,Lembah Narpati,18,Laki-laki,Tanjungpinang,ECATCB88CA,"ETWSEE4EB9, ETWS788D41"
CSTM8D791,Gabriella Hasanah,27,Perempuan,Banjar,ECAT5AB96A,"ETWSB35690, ETWS656E3E"
CSTMD382A,Najam Paramita Rahmawati,30,Laki-laki,Purwokerto,"ECAT962BE2, ECATCF9A43, ECAT14E3EF",ETWS36E860
CSTM9FAF2,Kenzie Sitompul,30,Laki-laki,Bitung,"ECATCF9A43, ECAT5AB96A, ECAT962BE2","ETWS1362A3, ETWS2B899E"
CSTM9E3AA,Ibrani Langgeng Narpati,35,Laki-laki,Bandar Lampung,"ECAT5AB96A, ECAT962BE2, ECAT14E3EF",ETWSCC736B
CSTM3F7B5,Pandu Sirait,33,Laki-laki,Sorong,"ECAT14E3EF, ECATBC4CE7, ECATCF9A43",ETWSBDDC69
CSTM90E64,Ghani Saefullah,22,Laki-laki,Sungai Penuh,"ECAT962BE2, ECAT14E3EF, ECATCF9A43","ETWSFF8087, ETWS4F0AA5"
CSTM06559,Imam Sitompul,24,Laki-laki,Padang Sidempuan,"ECAT962BE2, ECAT5AB96A",ETWS193F00
CSTM5AEA4,Dimaz Dalimin Halim,40,Laki-laki,Kendari,"ECATCB88CA, ECAT5AB96A, ECATCF9A43","ETWS79A897, ETWS553A67"
CSTM22E5C,Dirja Nalar Mansur,22,Laki-laki,Tegal,ECATCF9A43,"ETWS6B7895, ETWS2F0E0E"
CSTMA28C6,Ulva Darimin Saefullah,21,Perempuan,Ambon,ECAT5AB96A,ETWSE57396
CSTME42C2,Vanesa Widiastuti,35,Perempuan,Batam,ECATBC4CE7,ETWS16C89D
CSTM94780,Michelle Vera Wacana,31,Perempuan,Bitung,"ECAT14E3EF, ECATCB88CA, ECAT5AB96A",ETWS8E3F3C
CSTM3C483,Galur Susanti,20,Laki-laki,Jambi,ECATCB88CA,"ETWSBEE4A4, ETWSCE3C05"
CSTM1FC36,Eluh Maida Salahudin,30,Laki-laki,Gorontalo,"ECAT962BE2, ECATBC4CE7, ECATCB88CA",ETWS5CC7F6
CSTMC7224,Dinda Eko Rajasa,39,Perempuan,Pagaralam,"ECATCB88CA, ECATBC4CE7, ECATCF9A43","ETWSB2BFDA, ETWSCB253C"
CSTM05E5E,Kartika Bahuraksa Santoso,21,Perempuan,Subulussalam,ECATCB88CA,"ETWS0EDB31, ETWS01B92D"
CSTM72A29,Slamet Balijan Manullang,18,Laki-laki,Banjar,"ECATCF9A43, ECATCB88CA, ECAT5AB96A","ETWS9E6948, ETWS13FDB0"
CSTM40B96,Dewi Handayani,17,Perempuan,Makassar,ECAT14E3EF,ETWS5A7C6A
CSTMBDD5A,Mila Bella Farida,40,Perempuan,Jayapura,ECATCF9A43,ETWSA3ABAE
CSTM508D9,Wardi Sihombing,19,Laki-laki,Surakarta,"ECAT962BE2, ECAT14E3EF",ETWS01B92D
CSTME2CB8,Mariadi Upik Damanik,37,Laki-laki,Pasuruan,"ECATCB88CA, ECATBC4CE7, ECAT14E3EF","ETWS187C0A, ETWSFAF604"
CSTMDBD34,Paulin Parman Kurniawan,40,Perempuan,Langsa,ECAT14E3EF,"ETWSAA6ACD, ETWS1362A3"
CSTM91592,Ilyas Puspita,18,Laki-laki,Purwokerto,"ECAT14E3EF, ECATCB88CA, ECATBC4CE7",ETWS41AC62
CSTME1A39,Hardana Rahayu,38,Laki-laki,Cirebon,"ECAT962BE2, ECATBC4CE7, ECATCF9A43",ETWS0803B7
CSTMBF075,Mariadi Zulaika,21,Laki-laki,Sukabumi,"ECAT962BE2, ECATBC4CE7, ECATCB88CA","ETWSC13A52, ETWS0BEE0B"
CSTM3C2E9,Lasmanto Waluyo Pranowo,24,Laki-laki,Parepare,ECAT5AB96A,ETWS4D61EB
CSTMBE7BE,Olivia Nabila Mardhiyah,31,Perempuan,Tarakan,ECATCF9A43,"ETWSE6CE28, ETWSAA367B"
CSTMBCB4A,Adikara Suartini,38,Laki-laki,Bima,ECAT5AB96A,ETWS93C913
CSTM0A363,Dinda Latupono,35,Perempuan,Tanjungbalai,"ECATBC4CE7, ECAT962BE2, ECAT14E3EF",ETWS640DF3
CSTM4FF07,Vicky Rafi Prayoga,31,Perempuan,Surakarta,"ECATCF9A43, ECAT14E3EF",ETWS5EDD75
CSTMCDC8C,Enteng Nova Wahyudin,22,Laki-laki,Batam,"ECATBC4CE7, ECATCB88CA, ECAT962BE2","ETWS7C75AA, ETWS7FA24D"
CSTMBC7A6,Gamblang Pangestu Firmansyah,26,Laki-laki,Tanjungpinang,"ECAT962BE2, ECAT14E3EF","ETWSE768EF, ETWS8A3DEA"
CSTM57B11,Warsa Cakrawala Pratama,38,Laki-laki,Denpasar,ECATCB88CA,ETWS4963A7
CSTMF65C7,Ana Dongoran,17,Perempuan,Langsa,ECAT5AB96A,"ETWS5D855F, ETWSAF3337"
CSTMCBE29,Kacung Umay Saefullah,30,Laki-laki,Prabumulih,ECAT5AB96A,ETWS290A73
CSTM03226,Sabri Ikhsan Mustofa,17,Laki-laki,Medan,"ECAT14E3EF, ECAT5AB96A","ETWS11BA9A, ETWSCE3C05"
CSTM7EAB5,Rachel Hutapea,35,Perempuan,Tegal,ECAT14E3EF,ETWS54E942
CSTM000AF,Tantri Anggraini,25,Perempuan,Palopo,"ECATCB88CA, ECATCF9A43","ETWS48117D, ETWS4DABC0"
CSTMB7E6F,Novi Bajragin Natsir,35,Perempuan,Bogor,"ECAT962BE2, ECAT14E3EF","ETWS35121B, ETWS3997BE"
CSTM84DDB,Paramita Dacin Sinaga,16,Perempuan,Mojokerto,"ECAT14E3EF, ECAT5AB96A, ECATCF9A43","ETWS0AF595, ETWSE75C86"
CSTMBC8D4,Banawa Adriansyah,33,Laki-laki,Manado,"ECAT14E3EF, ECAT962BE2",ETWS290A73
CSTM41920,Maya Tami Rajata,17,Perempuan,Ternate,ECAT5AB96A,ETWS0EDB31
CSTM9B04C,Naradi Wawan Simanjuntak,20,Laki-laki,Dumai,"ECATCB88CA, ECAT5AB96A, ECATBC4CE7",ETWS890AD6
CSTMFE583,Kala Nabila Suryono,22,Laki-laki,Sukabumi,"ECATBC4CE7, ECAT962BE2, ECATCB88CA","ETWSC031A7, ETWS287348"
CSTMDEA04,Jinawi Karya Maheswara,33,Laki-laki,Mataram,"ECAT962BE2, ECATCF9A43","ETWS4D61EB, ETWS01B92D"
CSTM0D985,Najib Raditya Iswahyudi,40,Laki-laki,Pekalongan,"ECAT962BE2, ECATBC4CE7","ETWS0C0E22, ETWSE768EF"
CSTMCB8D1,Salimah Chandra Widodo,24,Perempuan,Malang,ECAT5AB96A,"ETWS967B37, ETWS4DABC0"
CSTM06EA7,Ratih Maria Simanjuntak,37,Perempuan,Tebingtinggi,"ECATBC4CE7, ECATCF9A43",ETWS11BA9A
CSTM19F92,Dian Gatra Setiawan,34,Perempuan,Probolinggo,"ECAT5AB96A, ECATCB88CA, ECATBC4CE7",ETWS8E3F3C
CSTM687CE,Hari Jais Hassanah,22,Laki-laki,Kota Administrasi Jakarta Timur,"ECAT962BE2, ECATBC4CE7","ETWS5378A5, ETWS0AFCD5"
CSTME445B,Ellis Dalimin Lazuardi,22,Perempuan,Palu,ECATCF9A43,"ETWSAA367B, ETWS4C2B22"
CSTM8768F,Winda Prayoga,22,Perempuan,Palopo,ECAT14E3EF,ETWSF10659
CSTMB60CD,Respati Maria Wastuti,20,Laki-laki,Sawahlunto,ECATCB88CA,"ETWSAA367B, ETWS0AF595"
CSTM81E38,Rahayu Pradipta,25,Perempuan,Pontianak,ECAT14E3EF,"ETWS7C75AA, ETWS553A67"
CSTMDA8F5,Gaduh Mansur,31,Laki-laki,Tegal,"ECAT5AB96A, ECATCF9A43, ECATBC4CE7","ETWSAA367B, ETWS880095"
CSTM95A41,Padma Wahyudin,33,Perempuan,Yogyakarta,ECAT14E3EF,"ETWSE721A5, ETWSA67718"
CSTM9D12A,Darmaji Nasyiah,23,Laki-laki,Ternate,"ECAT14E3EF, ECATCB88CA, ECATBC4CE7",ETWSF76016
CSTMAB4B0,Ifa Utami,19,Perempuan,Banjarmasin,"ECATCF9A43, ECATCB88CA, ECATBC4CE7","ETWS8E3F3C, ETWSB0A30D"
CSTMAAC4F,Putu Yulia Waskita,23,Laki-laki,Bau-Bau,ECATCF9A43,ETWSC14251
CSTMBC87E,Ina Najmudin,16,Perempuan,Banda Aceh,ECAT5AB96A,ETWS891996
CSTM77B3C,Cawisono Permadi,16,Laki-laki,Banjarmasin,"ECAT14E3EF, ECAT5AB96A, ECATBC4CE7",ETWSCB253C
CSTMF854E,Queen Cahyadi Kuswandari,24,Perempuan,Bogor,ECAT962BE2,ETWS0803B7
CSTM550D7,Nasrullah Latupono,37,Laki-laki,Bengkulu,"ECATBC4CE7, ECAT14E3EF, ECATCF9A43",ETWSEDCF87
CSTM6C208,Lamar Tiara Haryanti,23,Laki-laki,Ternate,"ECAT962BE2, ECATCB88CA, ECATCF9A43",ETWSEBD59A
CSTMB869A,Dono Uchita Samosir,16,Laki-laki,Kota Administrasi Jakarta Selatan,"ECAT14E3EF, ECATCB88CA, ECAT962BE2",ETWS42C680
CSTM78251,Muhammad Wahyudin,36,Laki-laki,Padang,"ECAT14E3EF, ECATCF9A43, ECATCB88CA","ETWS4F0AA5, ETWSAAEB9B"
CSTM15D41,Intan Tedi Situmorang,39,Perempuan,Depok,ECATCB88CA,ETWS42C680
CSTM3F14B,Sarah Saadat Firmansyah,18,Perempuan,Pagaralam,"ECATCB88CA, ECAT14E3EF","ETWS7AB452, ETWS16C89D"
CSTM24CF1,Patricia Baktianto Dongoran,34,Perempuan,Metro,ECAT962BE2,ETWS20A2AC
CSTM8245C,Iriana Susanti,17,Perempuan,Banjarmasin,ECATBC4CE7,ETWS54E942
CSTM0B7C7,Elvina Laksmiwati,19,Perempuan,Sukabumi,"ECAT962BE2, ECAT14E3EF, ECAT5AB96A",ETWS278D45
CSTMFB0A2,Carla Yolanda,32,Perempuan,Lhokseumawe,ECAT962BE2,ETWS8E3F3C
CSTM51C67,Kalim Legawa Suryono,35,Laki-laki,Padang Sidempuan,"ECAT5AB96A, ECAT962BE2","ETWS0EDB31, ETWS48117D"
CSTM3A32D,Martana Okto Pratama,40,Laki-laki,Gorontalo,"ECATCB88CA, ECATBC4CE7, ECATCF9A43","ETWSF10659, ETWSEE4EB9"
CSTM3F7AC,Martana Safitri,26,Laki-laki,Kota Administrasi Jakarta Timur,"ECAT962BE2, ECAT5AB96A, ECATCB88CA","ETWS48117D, ETWSFA28F2"
CSTMEACAC,Tirta Saefullah,23,Laki-laki,Meulaboh,"ECATCB88CA, ECAT14E3EF, ECATCF9A43",ETWSE2C09C
CSTM46B28,Emin Lestari,28,Laki-laki,Cimahi,"ECAT962BE2, ECATBC4CE7, ECAT5AB96A",ETWS16C89D
CSTM4F944,Taufan Dipa Andriani,32,Laki-laki,Bima,"ECAT14E3EF, ECATCF9A43, ECAT962BE2",ETWS013F34
CSTMD205B,Eko Clara Pradipta,22,Laki-laki,Serang,"ECAT962BE2, ECAT14E3EF, ECATBC4CE7",ETWS4963A7
CSTMF9414,Lukita Febi Anggriawan,22,Laki-laki,Manado,ECAT14E3EF,ETWS891996
CSTMCBFD8,Rafid Wibisono,35,Laki-laki,Subulussalam,ECATBC4CE7,"ETWS58F1ED, ETWS0B5C2F"
CSTM41DA6,Ganjaran Yolanda,27,Laki-laki,Banda Aceh,"ECAT14E3EF, ECAT5AB96A, ECATCF9A43","ETWSFBC9AB, ETWS48E234"
CSTME0E8F,Lala Asman Rajasa,21,Perempuan,Kota Administrasi Jakarta Utara,ECAT5AB96A,"ETWS56743B, ETWSB35690"
CSTM39E3A,Kambali Lazuardi,24,Laki-laki,Batam,"ECAT962BE2, ECATBC4CE7",ETWSE721A5
CSTMC8B47,Cici Prasetya,18,Perempuan,Lubuklinggau,"ECAT5AB96A, ECAT14E3EF, ECAT962BE2","ETWSCB253C, ETWS2A7149"
CSTM1FEE3,Malika Taswir Prakasa,34,Perempuan,Bukittinggi,"ECATCB88CA, ECAT5AB96A, ECAT962BE2","ETWS5378A5, ETWS488936"
CSTMCBD29,Alika Cakrajiya Rajata,39,Perempuan,Tual,"ECAT14E3EF, ECATCF9A43","ETWSC15EE8, ETWSE57396"
CSTMA9F4E,Among Purwadi Sihombing,31,Laki-laki,Tarakan,"ECAT962BE2, ECATBC4CE7, ECAT5AB96A",ETWSCE3C05
CSTMC81D5,Opung Ciaobella Nababan,32,Laki-laki,Palembang,ECAT5AB96A,ETWSE768EF
CSTMFE2A1,Viktor Dabukke,18,Laki-laki,Palangkaraya,"ECAT5AB96A, ECAT14E3EF, ECAT962BE2",ETWS788D41
CSTM3AFF2,Asirwanda Manullang,36,Laki-laki,Kota Administrasi Jakarta Barat,"ECATCB88CA, ECAT14E3EF",ETWSCE3C05
CSTM34548,Jessica Zulaika,19,Perempuan,Cilegon,ECAT962BE2,ETWSD96432
CSTMDF7DA,Azalea Nardi Riyanti,34,Perempuan,Makassar,"ECAT5AB96A, ECATBC4CE7",ETWSD7FC0C
CSTMCBBB1,Makara Rahmawati,32,Laki-laki,Meulaboh,ECAT5AB96A,ETWS9D9BB4
CSTMB4B5E,Nasim Kasusra Zulaika,32,Laki-laki,Serang,ECATCB88CA,ETWSD1271E
CSTM0481A,Ellis Dongoran,21,Perempuan,Yogyakarta,"ECAT5AB96A, ECATCF9A43",ETWSC031A7
CSTM54CBD,Kayun Anggraini,25,Laki-laki,Banjarbaru,"ECAT5AB96A, ECAT14E3EF, ECAT962BE2",ETWS97A4DF
CSTMB9CAB,Mala Legawa Sitompul,31,Perempuan,Tual,ECAT962BE2,ETWSFA28F2
CSTM830A7,Paiman Wahyuni,29,Laki-laki,Palangkaraya,"ECATCF9A43, ECATCB88CA, ECATBC4CE7",ETWS6E8ADD
CSTMA38BF,Alambana Hutagalung,19,Laki-laki,Bekasi,ECATCB88CA,ETWS4CF5C3
CSTMC6CDF,Siti Fujiati,30,Perempuan,Tidore Kepulauan,ECAT14E3EF,ETWSF25249
CSTMF3689,Zulfa Cecep Latupono,22,Perempuan,Bandung,ECATCB88CA,"ETWS5E0A1B, ETWSE768EF"
CSTM451F0,Queen Ira Irawan,33,Perempuan,Purwokerto,"ECATCB88CA, ECAT5AB96A, ECAT14E3EF",ETWSAA6ACD
CSTM33167,Najib Salimah Rahayu,38,Laki-laki,Ambon,"ECAT962BE2, ECAT5AB96A",ETWSDD7EA1
CSTM5A3C5,Vanya Hakim,38,Perempuan,Bekasi,ECATBC4CE7,ETWS890AD6
CSTMF37D4,Michelle Hutasoit,32,Perempuan,Purwokerto,"ECATBC4CE7, ECAT14E3EF, ECATCB88CA",ETWS3E9FF6
CSTMEE774,Yunita Riyanti,18,Perempuan,Kediri,ECATBC4CE7,ETWSEAA76C
CSTM7ACFE,Candrakanta Mulyani,38,Laki-laki,Gorontalo,"ECATCB88CA, ECATCF9A43, ECATBC4CE7",ETWSAF3337
CSTMD4856,Uchita Kiandra Waskita,21,Perempuan,Langsa,ECATBC4CE7,"ETWS82BE68, ETWSC15EE8"
CSTMCCED9,Gambira Palastri,31,Laki-laki,Kota Administrasi Jakarta Selatan,ECAT962BE2,ETWS59F571
CSTM48BA6,Kiandra Hutasoit,27,Perempuan,Banjar,"ECAT14E3EF, ECATCB88CA, ECATCF9A43","ETWS69678C, ETWS5CC7F6"
CSTM8954D,Omar Carla Marbun,32,Laki-laki,Banjarbaru,"ECAT5AB96A, ECAT962BE2, ECATCF9A43",ETWS4349CE
CSTM3C61A,Ade Permata,34,Perempuan,Kota Administrasi Jakarta Barat,"ECAT14E3EF, ECAT962BE2",ETWS3E9FF6
CSTMA61F9,Mila Widiastuti,29,Perempuan,Palangkaraya,"ECAT5AB96A, ECAT962BE2",ETWS6E8ADD
CSTM00390,Kayla Purwanti,38,Perempuan,Sungai Penuh,"ECATCF9A43, ECATCB88CA, ECAT14E3EF",ETWS287348
CSTM6D8C1,Yulia Widodo,36,Perempuan,Sibolga,ECAT962BE2,ETWS5508F4
CSTM5388B,Harsana Warsa Pratiwi,35,Laki-laki,Cirebon,"ECATCF9A43, ECATBC4CE7","ETWS4B6130, ETWS2B899E"
CSTM22BEB,Hasim Hassanah,31,Laki-laki,Lhokseumawe,ECATCB88CA,"ETWSC15EE8, ETWS16C89D"
CSTMC2590,Jasmin Mansur,21,Perempuan,Tegal,ECAT962BE2,"ETWS56743B, ETWSA67718"
CSTM2CFF7,Bagus Kartika Rahayu,17,Laki-laki,Parepare,"ECATCF9A43, ECATBC4CE7, ECAT5AB96A",ETWSF31E8D
CSTM15EBC,Belinda Wardaya Waskita,34,Perempuan,Jayapura,"ECATCB88CA, ECAT5AB96A, ECAT962BE2",ETWS59F571
CSTME803D,Parman Wibowo,32,Laki-laki,Kupang,"ECAT14E3EF, ECAT962BE2, ECAT5AB96A",ETWS82BE68
CSTMFD4BF,Michelle Parman Farida,30,Perempuan,Padangpanjang,"ECATCB88CA, ECATBC4CE7, ECATCF9A43","ETWS7AB452, ETWS96A08D"
CSTMC2DD3,Leo Zulaika,39,Laki-laki,Makassar,"ECATCB88CA, ECAT14E3EF, ECAT5AB96A",ETWS4925F2
CSTM5302E,Ratih Winarno,21,Perempuan,Langsa,"ECAT962BE2, ECATBC4CE7, ECATCF9A43",ETWS321D7C
CSTM21F2C,Arsipatra Queen Haryanto,22,Laki-laki,Serang,"ECATBC4CE7, ECATCB88CA, ECAT962BE2","ETWSAA367B, ETWS58F1ED"
CSTME7CB1,Dina Prastuti,27,Perempuan,Bukittinggi,"ECATCF9A43, ECATCB88CA",ETWSBEE4A4
CSTM83C88,Jamalia Kurniawan,25,Perempuan,Parepare,ECAT962BE2,"ETWS56743B, ETWSC97B66"
CSTM02F70,Ophelia Farida,25,Perempuan,Banjar,"ECATBC4CE7, ECAT14E3EF",ETWS20A2AC
CSTM1191C,Eko Karja Nasyiah,25,Laki-laki,Kota Administrasi Jakarta Selatan,ECAT14E3EF,"ETWS8E3F3C, ETWSFDED40"
CSTME5AE5,Upik Mandala,25,Laki-laki,Tual,ECATCB88CA,"ETWSC795D1, ETWS3148F6"
CSTMB5F39,Kairav Situmorang,39,Laki-laki,Bitung,ECAT5AB96A,ETWS88F943
CSTM5E580,Umi Tampubolon,37,Perempuan,Manado,ECATCB88CA,"ETWSAA8E74, ETWSF76016"
CSTM1B79E,Panca Hassanah,19,Laki-laki,Pematangsiantar,ECATCF9A43,"ETWS8C5F69, ETWS79FF57"
CSTMACD0B,Mumpuni Agustina,23,Laki-laki,Malang,"ECATCB88CA, ECAT962BE2",ETWS3D13C6
CSTM87AB1,Safina Saputra,31,Perempuan,Palembang,"ECAT962BE2, ECATCF9A43",ETWSF10659
CSTMA31A0,Ifa Wasita,24,Perempuan,Banjarbaru,"ECATCF9A43, ECAT14E3EF, ECAT5AB96A",ETWS1A1A80
CSTME6954,Lala Sihombing,25,Perempuan,Magelang,ECAT14E3EF,"ETWSA67718, ETWS1A1A80"
CSTM01844,Mulyanto Karman Nababan,27,Laki-laki,Kota Administrasi Jakarta Utara,"ECATCF9A43, ECAT962BE2","ETWSC031A7, ETWSC13A52"
CSTM00FC2,Raihan Natalia Narpati,33,Laki-laki,Pangkalpinang,ECAT14E3EF,ETWSCA6177
CSTM61708,Rini Juli Nashiruddin,16,Perempuan,Kota Administrasi Jakarta Utara,ECATBC4CE7,"ETWS891996, ETWS0FE105"
CSTM43764,Wardi Tamba,19,Laki-laki,Kupang,"ECATBC4CE7, ECAT5AB96A",ETWSF91D41
CSTM937A1,Lidya Mulyani,19,Perempuan,Bandung,"ECATBC4CE7, ECAT5AB96A, ECAT14E3EF","ETWS3A15A5, ETWSA7F69E"
CSTM0A110,Paramita Empluk Tarihoran,20,Perempuan,Kediri,"ECATCF9A43, ECAT14E3EF, ECAT962BE2","ETWSBCD4D6, ETWS3039FF"
CSTM42B4C,Jane Panca Usada,30,Perempuan,Kota Administrasi Jakarta Timur,"ECATCF9A43, ECATBC4CE7",ETWS656E3E
CSTM9D00F,Jefri Halimah,29,Laki-laki,Solok,ECATCB88CA,ETWS97A4DF
CSTM38811,Gamanto Widodo,26,Laki-laki,Pontianak,"ECAT14E3EF, ECATCF9A43, ECAT5AB96A",ETWSCF1E10
CSTM315A5,Tami Ayu Sitorus,36,Perempuan,Bontang,ECATBC4CE7,"ETWS2B899E, ETWSEDCF87"
CSTM486E9,Joko Bahuwarna Rajata,37,Laki-laki,Salatiga,ECAT14E3EF,ETWSB83B81
CSTM7201B,Unjani Suartini,31,Perempuan,Bengkulu,"ECATBC4CE7, ECATCB88CA","ETWSD65441, ETWSD7FC0C"
CSTM14CB1,Lalita Bahuwirya Wasita,28,Perempuan,Pekalongan,"ECATCF9A43, ECATBC4CE7",ETWS59F571
CSTMED193,Sakura Mangunsong,27,Perempuan,Pagaralam,ECAT5AB96A,"ETWS10DD2D, ETWSB74AEA"
CSTM717C8,Rahmi Utama,21,Perempuan,Padang Sidempuan,"ECATCF9A43, ECAT962BE2","ETWS48117D, ETWSF76016"
CSTM8E873,Pangestu Puspita,23,Laki-laki,Bukittinggi,"ECAT962BE2, ECATBC4CE7, ECATCB88CA","ETWS5378A5, ETWSC5A05E"
CSTM2419D,Hilda Simanjuntak,30,Perempuan,Sorong,"ECATCB88CA, ECATBC4CE7, ECATCF9A43",ETWSDC2863
CSTM89146,Sadina Cakrawangsa Hartati,21,Perempuan,Medan,"ECAT14E3EF, ECAT962BE2","ETWS9E6948, ETWS20F48E"
CSTM923AD,Jumari Mahendra,29,Laki-laki,Balikpapan,ECAT14E3EF,"ETWSD96432, ETWSA67718"
CSTMF33C5,Sari Dagel Hutagalung,35,Perempuan,Depok,"ECATCB88CA, ECAT962BE2, ECAT5AB96A",ETWS91D914
CSTM8D431,Lala Prastuti,31,Perempuan,Subulussalam,ECAT962BE2,ETWSDFB723
CSTM34DD4,Rahman Irnanto Pertiwi,25,Laki-laki,Kota Administrasi Jakarta Selatan,"ECATCF9A43, ECATCB88CA","ETWSE2C09C, ETWS13FDB0"
CSTM2CBA8,Galuh Anggriawan,37,Laki-laki,Bima,"ECAT5AB96A, ECAT14E3EF, ECAT962BE2","ETWSE768EF, ETWS56743B"
CSTM1D624,Maria Darijan Hutasoit,20,Perempuan,Tual,"ECAT14E3EF, ECAT962BE2",ETWS89F602
CSTM542F6,Gawati Wulandari,34,Perempuan,Ambon,ECATCF9A43,"ETWSB83B81, ETWS890AD6"
CSTM651FB,Kamidin Gunarto,28,Laki-laki,Purwokerto,ECATCB88CA,"ETWS0EFB7A, ETWS58F1ED"
CSTM2D764,Yoga Hardiansyah,33,Laki-laki,Tanjungbalai,"ECATCF9A43, ECATBC4CE7",ETWSA454CE
CSTMD8C1D,Dalimin Emil Riyanti,31,Laki-laki,Lhokseumawe,ECAT14E3EF,"ETWS59F571, ETWSDD91D3"
CSTMBA83B,Ami Halim,35,Perempuan,Bau-Bau,"ECATBC4CE7, ECAT5AB96A","ETWS48EAB0, ETWSDBCA47"
CSTM3559D,Azalea Gunawan,23,Perempuan,Bima,"ECATBC4CE7, ECAT14E3EF, ECATCF9A43","ETWS5D855F, ETWS287348"
CSTMF9FD5,Paris Prabowo,23,Perempuan,Metro,ECATCF9A43,ETWS5E0A1B
CSTMDBD44,Digdaya Cinthia Utami,26,Laki-laki,Tidore Kepulauan,ECATCF9A43,"ETWS9BBEE2, ETWS41AC62"
CSTM985D6,Ciaobella Pranowo,17,Perempuan,Pekanbaru,"ECAT962BE2, ECATBC4CE7","ETWS56743B, ETWS5378A5"
CSTMA3CCF,Kania Suartini,18,Perempuan,Banjar,ECAT5AB96A,ETWS580551
CSTM3E662,Dono Nyana Purnawati,22,Laki-laki,Pontianak,"ECATCF9A43, ECAT962BE2",ETWS5508F4
CSTM6AC81,Harsanto Rahimah,34,Laki-laki,Palangkaraya,"ECAT14E3EF, ECATCF9A43","ETWS7B2F84, ETWS13FDB0"
CSTM03479,Aditya Halim,26,Laki-laki,Sorong,"ECATCF9A43, ECATCB88CA",ETWS0C0E22
CSTMD9749,Tirta Hutagalung,20,Laki-laki,Sukabumi,ECATBC4CE7,ETWSAF3337
CSTM1EFFC,Wulan Prasasta,23,Perempuan,Depok,"ECAT962BE2, ECATCB88CA, ECAT14E3EF",ETWS287348
CSTM9579B,Paris Zulkarnain,36,Perempuan,Bitung,"ECATCB88CA, ECAT14E3EF, ECATCF9A43","ETWS41AC62, ETWSCE3C05"
CSTME948C,Damar Darman Lazuardi,32,Laki-laki,Bima,"ECATCF9A43, ECAT14E3EF, ECATBC4CE7",ETWS41AC62
CSTM840A8,Opung Gunarto,27,Laki-laki,Cilegon,ECAT5AB96A,"ETWSFF8087, ETWS2837EF"
CSTMA0D8C,Tirtayasa Simbolon,25,Laki-laki,Tidore Kepulauan,ECAT962BE2,"ETWSA454CE, ETWSF8003C"
CSTM8979D,Nrima Lazuardi,36,Laki-laki,Pontianak,"ECATCB88CA, ECATBC4CE7, ECAT5AB96A","ETWSE327E6, ETWS5E0A1B"
CSTM5E5CE,Virman Kuswoyo,37,Laki-laki,Tangerang,ECATCF9A43,"ETWS64CBD3, ETWS9BB84A"
CSTM5DFD7,Jaeman Mardhiyah,40,Laki-laki,Banjarbaru,"ECATCB88CA, ECAT962BE2",ETWS79FF57
CSTM0D384,Wakiman Suwarno,16,Laki-laki,Makassar,ECATCB88CA,ETWSE6CE28
CSTM40A35,Febi Ozy Mayasari,22,Perempuan,Cimahi,"ECATCF9A43, ECAT962BE2",ETWSC14251
CSTM955F8,Rudi Gatra Agustina,22,Laki-laki,Bandar Lampung,"ECAT962BE2, ECATCB88CA",ETWS580551
CSTM32810,Dinda Aditya Rajata,31,Perempuan,Denpasar,"ECAT962BE2, ECATBC4CE7",ETWSD65441
CSTMC6005,Kawaya Marpaung,24,Laki-laki,Tanjungbalai,ECATCF9A43,"ETWS79FF57, ETWSCE3C05"
CSTME93DC,Sadina Farhunnisa Pangestu,34,Perempuan,Madiun,"ECATCB88CA, ECATCF9A43, ECAT14E3EF",ETWS01B92D
CSTM5E3DD,Prayoga Gamani Situmorang,33,Laki-laki,Palembang,"ECAT962BE2, ECATCB88CA","ETWSA7F69E, ETWS8E3F3C"
CSTM01175,Paiman Mariadi Prasetyo,30,Laki-laki,Kediri,ECAT962BE2,"ETWSF455CE, ETWS11BA9A"
CSTM4EB39,Mutia Kasiyah Mulyani,36,Perempuan,Kotamobagu,ECATBC4CE7,"ETWS013F34, ETWS4B6130"
CSTMAC19C,Mitra Oktaviani,25,Laki-laki,Palu,"ECAT14E3EF, ECAT5AB96A","ETWS3039FF, ETWS2F0E0E"
CSTMA6194,Asmianto Edward Putra,37,Laki-laki,Mataram,"ECATBC4CE7, ECATCF9A43",ETWS5D855F
CSTMDC860,Balapati Tirtayasa Pradana,17,Laki-laki,Tangerang Selatan,"ECAT14E3EF, ECATBC4CE7, ECATCB88CA",ETWS2A7149
CSTMD09C5,Jamal Prayoga,34,Laki-laki,Padangpanjang,"ECATCB88CA, ECATBC4CE7, ECAT14E3EF",ETWS0803B7
CSTM686AC,Kanda Rahayu,33,Laki-laki,Gorontalo,"ECATCB88CA, ECAT962BE2",ETWSD583D5
CSTMFBBA4,Dina Ella Tamba,34,Perempuan,Palu,"ECAT14E3EF, ECATBC4CE7, ECAT962BE2",ETWS7B2F84
CSTM634B3,Gawati Queen Ardianto,28,Perempuan,Palopo,"ECATBC4CE7, ECATCF9A43","ETWS48E234, ETWS11DABC"
CSTM93776,Salimah Puti Latupono,21,Perempuan,Jayapura,"ECATCB88CA, ECAT5AB96A","ETWSAF3337, ETWSFAF604"
CSTMC8CC8,Banawi Cengkal Sudiati,39,Laki-laki,Payakumbuh,"ECAT14E3EF, ECATBC4CE7",ETWSCB253C
CSTM20C78,Darmaji Napitupulu,25,Laki-laki,Semarang,ECAT5AB96A,ETWS0FE105
CSTMFB044,Sarah Usamah,27,Perempuan,Tegal,"ECATCF9A43, ECATBC4CE7",ETWS0AF595
CSTM8D3DE,Yance Maulana,40,Perempuan,Pematangsiantar,ECAT14E3EF,ETWS2B899E
CSTMFE227,Jarwa Baktianto Mardhiyah,28,Laki-laki,Banjarmasin,"ECATBC4CE7, ECATCF9A43","ETWSA1EF39, ETWSBEE4A4"
CSTMFBB97,Dipa Farida,32,Laki-laki,Tangerang,ECAT14E3EF,"ETWS79FF57, ETWS6EB379"
CSTM5393F,Abyasa Darman Iswahyudi,36,Laki-laki,Palu,ECATBC4CE7,"ETWS62FACA, ETWS58F1ED"
CSTMD7566,Heru Gambira Rahimah,29,Laki-laki,Magelang,"ECATBC4CE7, ECATCB88CA",ETWS0ED45D
CSTM7E859,Ulya Eka Suwarno,23,Perempuan,Padangpanjang,"ECATBC4CE7, ECAT14E3EF, ECATCF9A43",ETWS85A726
CSTMF2918,Digdaya Suryono,31,Laki-laki,Pekanbaru,"ECAT14E3EF, ECATCB88CA, ECAT5AB96A",ETWSAFD4E4
CSTMC4CDE,Balamantri Rendy Wibisono,36,Laki-laki,Pontianak,"ECAT5AB96A, ECATCB88CA, ECAT14E3EF",ETWS6D8C3D
CSTM171EF,Qori Gunawan,21,Perempuan,Batu,ECAT5AB96A,ETWSE7A5A1
CSTM3EEBF,Fathonah Waluyo Jailani,30,Perempuan,Semarang,ECATCB88CA,"ETWSCE3C05, ETWS4963A7"
CSTM23C1D,Prima Raihan Iswahyudi,40,Laki-laki,Bau-Bau,ECATBC4CE7,"ETWSAD11FD, ETWSB58FD7"
CSTM38C35,Icha Jasmin Prayoga,17,Perempuan,Pangkalpinang,"ECATCB88CA, ECAT5AB96A, ECATCF9A43","ETWS13FDB0, ETWSEC0709"
CSTM1B173,Hendra Tasdik Anggriawan,38,Laki-laki,Kota Administrasi Jakarta Selatan,"ECAT14E3EF, ECATCB88CA",ETWS32F890
CSTM6D243,Chelsea Napitupulu,17,Perempuan,Kota Administrasi Jakarta Selatan,"ECATCB88CA, ECATCF9A43","ETWS692A94, ETWS3148F6"
CSTM22E16,Paris Mulyani,35,Perempuan,Tual,"ECATCF9A43, ECATCB88CA",ETWSFBC9AB
CSTM18943,Ganda Mandasari,27,Laki-laki,Bitung,"ECAT5AB96A, ECATCB88CA, ECAT962BE2",ETWS4F0AA5
CSTM1D56B,Kadir Ibun Mahendra,32,Laki-laki,Palangkaraya,ECATCF9A43,"ETWSE75C86, ETWSBDDC69"
CSTMC42BB,Cornelia Gasti Sihombing,20,Perempuan,Bekasi,"ECAT962BE2, ECATCB88CA, ECAT5AB96A","ETWSAA8E74, ETWS71D5E1"
CSTM26B43,Gabriella Nilam Yuniar,37,Perempuan,Madiun,ECATCB88CA,"ETWS13FDB0, ETWSF25249"
CSTM040C1,Irsad Simbolon,31,Laki-laki,Tebingtinggi,"ECATCF9A43, ECAT14E3EF, ECAT5AB96A","ETWS0C0E22, ETWS58F1ED"
CSTM35DED,Jarwadi Nuraini,33,Laki-laki,Pagaralam,"ECATBC4CE7, ECAT5AB96A, ECAT14E3EF","ETWS0EDB31, ETWSBDDC69"
CSTMAE257,Farhunnisa Prasetyo Tampubolon,23,Perempuan,Pontianak,"ECAT962BE2, ECAT14E3EF",ETWS029414
CSTM13F58,Clara Asmadi Maryadi,29,Perempuan,Banjar,ECATCB88CA,"ETWS64CBD3, ETWS72F258"
CSTM750AD,Siti Novitasari,39,Perempuan,Malang,"ECATBC4CE7, ECATCB88CA, ECATCF9A43","ETWS15E214, ETWSDB546C"
CSTMDF6BC,Paulin Dasa Safitri,34,Perempuan,Pekanbaru,ECAT962BE2,ETWS8ADE55
CSTMDA576,Rosman Habibi,22,Laki-laki,Tomohon,ECATBC4CE7,"ETWS01B92D, ETWS7FA24D"
CSTM4FAB4,Budi Wahyuni,17,Laki-laki,Cirebon,"ECAT5AB96A, ECATBC4CE7",ETWSD47AEE
CSTM2CE4D,Pia Puspita,30,Perempuan,Palangkaraya,"ECAT962BE2, ECATBC4CE7, ECAT5AB96A","ETWSE327E6, ETWS13FDB0"
CSTM2BDD2,Laksana Uchita Dabukke,36,Laki-laki,Bontang,"ECAT5AB96A, ECATCB88CA",ETWSEE4EB9
CSTMD1B36,Jumari Damu Nuraini,34,Laki-laki,Kendari,"ECAT5AB96A, ECATBC4CE7","ETWS4DABC0, ETWS13A08B"
CSTMD4CBE,Sakura Cagak Rahimah,21,Perempuan,Tanjungbalai,ECATCB88CA,ETWS0AF595
CSTM486EF,Raina Simbolon,29,Perempuan,Bogor,"ECATCB88CA, ECATBC4CE7","ETWSCA6177, ETWSBCD4D6"
CSTME7974,Michelle Setya Pertiwi,20,Perempuan,Payakumbuh,"ECAT14E3EF, ECATBC4CE7, ECAT962BE2","ETWS6B9AAC, ETWSECA263"
CSTM74FEA,Bella Sihombing,19,Perempuan,Bitung,ECATBC4CE7,"ETWS79FF57, ETWSC2F190"
CSTM5911D,Jinawi Adhiarja Saptono,21,Laki-laki,Mojokerto,"ECAT5AB96A, ECAT14E3EF, ECATBC4CE7","ETWSF25249, ETWS1362A3"
CSTM957E2,Satya Usada,20,Laki-laki,Blitar,ECAT14E3EF,"ETWS48117D, ETWS62FACA"
CSTM955C7,Amalia Wardi Halim,18,Perempuan,Ternate,ECAT5AB96A,ETWS48E234
CSTM9DADA,Azalea Rahmi Suwarno,16,Perempuan,Lhokseumawe,"ECAT14E3EF, ECAT962BE2",ETWSC15EE8
CSTM3E457,Embuh Clara Melani,39,Laki-laki,Blitar,ECAT5AB96A,ETWSCB253C
CSTMF5462,Ani Wahyudin,23,Perempuan,Parepare,ECATCF9A43,ETWS712B94
CSTM89FD5,Genta Mardhiyah,23,Perempuan,Tebingtinggi,"ECAT5AB96A, ECAT14E3EF, ECATCB88CA","ETWSE327E6, ETWS3F526B"
CSTM729B7,Kayun Irawan,31,Laki-laki,Meulaboh,"ECAT962BE2, ECAT14E3EF",ETWSD2F5F0
CSTM65AF9,Timbul Tampubolon,29,Laki-laki,Bau-Bau,"ECAT14E3EF, ECATCB88CA",ETWSAAEB9B
CSTMCE0D2,Catur Siregar,29,Laki-laki,Surabaya,ECATCF9A43,"ETWS890AD6, ETWS64CBD3"
CSTM807C7,Genta Halim Hakim,16,Perempuan,Padang,"ECATBC4CE7, ECATCB88CA, ECATCF9A43","ETWSB0CE33, ETWS1362A3"
CSTM66345,Among Baktiono Marpaung,39,Laki-laki,Padang,"ECATBC4CE7, ECAT962BE2",ETWS5378A5
CSTM3AE8B,Kasiran Purnawati,22,Laki-laki,Bandung,"ECAT14E3EF, ECAT5AB96A, ECAT962BE2",ETWSA8FDE6
CSTME1AF1,Eva Eluh Tampubolon,40,Perempuan,Bima,"ECATCF9A43, ECAT5AB96A, ECATCB88CA","ETWSEFFE8E, ETWS71D5E1"
CSTM3755B,Lukita Anggriawan,26,Laki-laki,Bontang,ECAT962BE2,ETWS3F02CF
CSTMD4442,Ratna Pangestu,24,Perempuan,Salatiga,ECATBC4CE7,"ETWS640DF3, ETWS3148F6"
CSTMFD502,Padma Pertiwi,22,Perempuan,Kota Administrasi Jakarta Selatan,"ECAT962BE2, ECATCF9A43",ETWSE6CE28
CSTMDD1A4,Atmaja Bagus Hardiansyah,29,Laki-laki,Pematangsiantar,ECAT962BE2,ETWSE7A5A1
CSTM8BBF5,Shakila Mandasari,19,Perempuan,Sibolga,"ECAT962BE2, ECATCF9A43, ECATBC4CE7",ETWS553A67
CSTM59EE2,Carla Winda Budiman,36,Perempuan,Kota Administrasi Jakarta Barat,ECAT14E3EF,"ETWSFA28F2, ETWS9BB84A"
CSTMB70E3,Pangestu Endah Laksmiwati,30,Laki-laki,Prabumulih,"ECATBC4CE7, ECATCB88CA",ETWSC14251
CSTMEB98C,Prakosa Dabukke,32,Laki-laki,Surakarta,"ECATCB88CA, ECATBC4CE7, ECAT14E3EF",ETWSCB253C
CSTME0D60,Aditya Pandu Lailasari,30,Laki-laki,Bontang,"ECATCF9A43, ECATBC4CE7, ECATCB88CA",ETWS96607F
CSTME4805,Jono Laksana Siregar,18,Laki-laki,Pekalongan,"ECATBC4CE7, ECAT962BE2, ECAT5AB96A",ETWS2A7149
CSTM90AE9,Jaka Saefullah,25,Laki-laki,Surabaya,"ECATCF9A43, ECAT962BE2",ETWSC031A7
CSTM1E984,Cahyono Jane Laksmiwati,26,Laki-laki,Purwokerto,ECATCB88CA,ETWS27916F
CSTMBF0F9,Najam Setiawan,19,Laki-laki,Tasikmalaya,"ECATCF9A43, ECAT962BE2, ECATCB88CA","ETWS8A00AB, ETWSAAEB9B"
CSTM9AAB8,Hasim Limar Marpaung,35,Laki-laki,Salatiga,ECAT14E3EF,ETWS2A7149
CSTMDCFA2,Rahmi Dalima Hasanah,38,Perempuan,Mataram,ECATCF9A43,ETWS8A00AB
CSTM114FB,Olivia Wawan Hidayat,22,Perempuan,Padang Sidempuan,"ECATCF9A43, ECAT962BE2",ETWSA3ABAE
CSTM85991,Bella Utama Laksita,19,Perempuan,Pasuruan,"ECATCB88CA, ECAT14E3EF, ECAT962BE2","ETWSC8525C, ETWSE57396"
CSTM25F8F,Ina Bahuraksa Rahimah,24,Perempuan,Palopo,"ECAT962BE2, ECATBC4CE7","ETWSBCD4D6, ETWSAA1D9A"
CSTM21309,Lasmanto Parman Wijayanti,33,Laki-laki,Cilegon,ECATCF9A43,ETWS5D855F
CSTMBCD91,Virman Siska Farida,16,Laki-laki,Banjarmasin,"ECAT14E3EF, ECATCF9A43","ETWS41AC62, ETWS712B94"
CSTM0423F,Radika Hidayat,30,Laki-laki,Lhokseumawe,ECATCF9A43,"ETWS27916F, ETWS6DCD4A"
CSTM9C59F,Empluk Jumari Permadi,32,Laki-laki,Medan,"ECATCB88CA, ECATCF9A43",ETWS5378A5
CSTM0F1F3,Zamira Siregar,36,Perempuan,Tasikmalaya,"ECATCF9A43, ECATCB88CA, ECAT14E3EF","ETWSEA5DB1, ETWS01B92D"
CSTMC2937,Estiono Estiawan Mahendra,23,Laki-laki,Magelang,"ECAT962BE2, ECATCF9A43, ECATBC4CE7","ETWS3E9FF6, ETWS41AC62"
CSTMF69D6,Lalita Irma Kuswandari,26,Perempuan,Parepare,ECATBC4CE7,"ETWS813F58, ETWS32F890"
CSTMD7A6F,Sidiq Astuti,23,Laki-laki,Padang Sidempuan,ECATBC4CE7,ETWSC443AD
CSTM22905,Olga Ramadan,25,Laki-laki,Cirebon,"ECAT962BE2, ECATBC4CE7, ECAT5AB96A","ETWS4F0AA5, ETWS11BA9A"
CSTM68F2C,Nurul Pangestu,24,Perempuan,Salatiga,"ECATCB88CA, ECATBC4CE7, ECAT5AB96A","ETWSE09E74, ETWSB35690"
CSTM23379,Luluh Liman Hasanah,22,Laki-laki,Sukabumi,ECAT14E3EF,ETWS71D5E1
CSTM7795E,Mala Yahya Setiawan,20,Perempuan,Bima,"ECAT5AB96A, ECAT14E3EF",ETWS7691B6
CSTM5AF5B,Malika Prasetya,40,Perempuan,Cirebon,ECATBC4CE7,"ETWS553A67, ETWS87B36D"
CSTMC4A15,Gaiman Wibisono,32,Laki-laki,Bukittinggi,"ECAT962BE2, ECATBC4CE7, ECATCB88CA",ETWS3039FF
CSTMABF44,Warsa Oktaviani,34,Laki-laki,Cirebon,ECATCB88CA,"ETWSAD11FD, ETWSEFFE8E"
CSTMCDB51,Ibrahim Pangestu Suwarno,26,Laki-laki,Bekasi,ECATCF9A43,"ETWSD7FC0C, ETWSDC2863"
CSTMB7DEE,Luwar Najmudin,32,Laki-laki,Sorong,"ECAT5AB96A, ECAT14E3EF",ETWS0FE105
CSTMC2E5A,Bagus Zahra Simanjuntak,30,Laki-laki,Sukabumi,"ECAT5AB96A, ECAT14E3EF",ETWSC56AB3
CSTM025AD,Lanjar Oktaviani,26,Laki-laki,Cilegon,"ECAT14E3EF, ECATCB88CA, ECATBC4CE7","ETWSAAEB9B, ETWS967B37"
CSTM432E1,Jumari Simon Utami,16,Laki-laki,Kota Administrasi Jakarta Timur,"ECATCF9A43, ECAT14E3EF, ECAT962BE2",ETWSAAEB9B
CSTMF4B33,Kamaria Eman Widiastuti,22,Perempuan,Bandar Lampung,"ECATBC4CE7, ECAT14E3EF, ECATCF9A43",ETWSFF8087
CSTMAFFE6,Wisnu Prima Wijaya,40,Laki-laki,Sibolga,ECATBC4CE7,"ETWS0FE105, ETWS788D41"
CSTM94FC2,Zulfa Nashiruddin,38,Perempuan,Semarang,ECATCF9A43,"ETWSBCB1C5, ETWS64AE2A"
CSTMC3A43,Yessi Devi Prasetyo,38,Perempuan,Depok,"ECAT14E3EF, ECATCB88CA, ECATCF9A43",ETWS8C5F69
CSTM1F2BC,Sarah Prastuti,26,Perempuan,Kupang,ECATCB88CA,ETWS4D61EB
CSTM70EA5,Maida Haryanto,27,Perempuan,Binjai,"ECAT5AB96A, ECATBC4CE7","ETWSF10659, ETWSEE4EB9"
CSTM35FE5,Mulyanto Surya Jailani,26,Laki-laki,Batam,"ECAT5AB96A, ECAT14E3EF, ECATBC4CE7","ETWSA1EF39, ETWS187C0A"
CSTM71F30,Dinda Simon Prakasa,37,Perempuan,Kota Administrasi Jakarta Barat,"ECAT962BE2, ECAT5AB96A, ECAT14E3EF","ETWS0EDB31, ETWS3F526B"
CSTM19DA7,Bagus Rizki Latupono,25,Laki-laki,Sawahlunto,ECATCF9A43,ETWS640DF3
CSTMC4818,Usyi Uda Prasetya,26,Perempuan,Pontianak,"ECATCB88CA, ECAT14E3EF, ECAT962BE2",ETWS354FFC
CSTM4789D,Ian Thamrin,18,Laki-laki,Tangerang,ECATCF9A43,ETWS97A4DF
CSTM8E248,Sakti Amelia Putra,30,Laki-laki,Depok,"ECATBC4CE7, ECATCF9A43, ECATCB88CA",ETWS35121B
CSTMDF901,Michelle Laksmiwati,24,Perempuan,Kota Administrasi Jakarta Pusat,"ECATCF9A43, ECAT14E3EF, ECATCB88CA",ETWSAA6ACD
CSTMCCED1,Laras Salsabila Budiyanto,40,Perempuan,Metro,ECAT962BE2,ETWS59F571
CSTM960B6,Jelita Hutasoit,37,Perempuan,Bau-Bau,"ECATCB88CA, ECAT14E3EF, ECAT5AB96A","ETWS890AD6, ETWSF1932F"
CSTM6A896,Febi Viktor Hasanah,18,Perempuan,Surabaya,"ECATCB88CA, ECAT14E3EF, ECAT962BE2",ETWS278D45
CSTM1259B,Dagel Bakda Prayoga,33,Laki-laki,Pasuruan,"ECATBC4CE7, ECAT5AB96A",ETWSF93D2A
CSTM41764,Yono Pradana,20,Laki-laki,Bukittinggi,ECATBC4CE7,"ETWS4B6130, ETWS3ECD2D"
CSTMDE694,Ina Ajimat Marpaung,38,Perempuan,Tanjungbalai,ECAT962BE2,ETWS79FF57
CSTMB139D,Raharja Pudjiastuti,34,Laki-laki,Bau-Bau,"ECATCF9A43, ECAT5AB96A","ETWS890AD6, ETWSAA2917"
CSTME5D64,Julia Mahendra,34,Perempuan,Ternate,"ECATCF9A43, ECAT14E3EF, ECATCB88CA",ETWSEE4EB9
CSTM53A92,Jayeng Wadi Permata,34,Laki-laki,Kendari,ECAT14E3EF,ETWS0AFCD5
CSTM24237,Eja Tamba,25,Laki-laki,Tanjungbalai,"ECATCB88CA, ECAT962BE2, ECATBC4CE7",ETWS0B5C2F
CSTM62F2C,Langgeng Wani Pangestu,29,Laki-laki,Tual,"ECAT962BE2, ECATCB88CA","ETWS1A1A80, ETWSAA367B"
CSTM197A4,Gilang Reksa Situmorang,21,Laki-laki,Sorong,"ECATCB88CA, ECATBC4CE7",ETWSF76016
CSTMC9A4F,Hesti Garda Prastuti,38,Perempuan,Tarakan,"ECAT962BE2, ECATBC4CE7, ECATCB88CA","ETWSCA6177, ETWS64CBD3"
CSTM71291,Karimah Karna Maryadi,31,Perempuan,Dumai,"ECAT962BE2, ECATCF9A43, ECATCB88CA",ETWS7A5058
CSTM6DE7B,Yosef Kezia Hassanah,38,Laki-laki,Jayapura,"ECAT14E3EF, ECAT5AB96A",ETWS290A73
CSTM0E92F,Maimunah Mulya Agustina,17,Perempuan,Cilegon,ECAT5AB96A,"ETWS5D855F, ETWS13FDB0"
CSTM86D16,Kenzie Purwanti,20,Laki-laki,Gorontalo,ECATCB88CA,ETWS9E7355
CSTM3823C,Genta Agustina,31,Perempuan,Palangkaraya,"ECATCF9A43, ECAT5AB96A, ECATBC4CE7","ETWS97A4DF, ETWSEB596D"
CSTM75568,Dono Lukman Melani,38,Laki-laki,Tual,"ECAT14E3EF, ECATBC4CE7",ETWSFA28F2
CSTM65934,Baktiono Simanjuntak,23,Laki-laki,Pekanbaru,"ECAT14E3EF, ECATCB88CA, ECAT5AB96A",ETWSF25249
CSTME3B3B,Cakrawangsa Gina Tarihoran,31,Laki-laki,Lubuklinggau,"ECATCB88CA, ECAT14E3EF, ECATCF9A43","ETWS79FF57, ETWS85A726"
CSTMF67A3,Harjo Ibrahim Fujiati,28,Laki-laki,Singkawang,"ECAT14E3EF, ECAT5AB96A",ETWS7B4509
CSTMC8ED6,Daru Belinda Kuswandari,31,Laki-laki,Bitung,ECATCF9A43,"ETWS7923D4, ETWS0AE08B"
CSTMD7C4B,Asirwada Paramita Wijaya,19,Laki-laki,Bau-Bau,ECAT962BE2,"ETWS2A7149, ETWS97A4DF"
CSTM8D059,Pangeran Hardiansyah,23,Laki-laki,Tidore Kepulauan,ECAT5AB96A,ETWS7B72E4
CSTM82056,Shania Galiono Agustina,27,Perempuan,Samarinda,"ECATCB88CA, ECATBC4CE7","ETWSA7F69E, ETWSC031A7"
CSTMEB7F5,Talia Wibisono,27,Perempuan,Manado,"ECATBC4CE7, ECAT14E3EF","ETWSE327E6, ETWSA73D7C"
CSTMD1F87,Kenzie Mandasari,23,Laki-laki,Ternate,"ECATCF9A43, ECAT14E3EF","ETWS64CBD3, ETWS72F258"
CSTMFA7B1,Kemba Jayeng Sinaga,38,Laki-laki,Blitar,"ECATBC4CE7, ECATCF9A43, ECATCB88CA",ETWS766811
CSTM224B1,Reza Cindy Narpati,16,Laki-laki,Subulussalam,ECAT5AB96A,ETWSBCD4D6
CSTM86F91,Marsito Asirwanda Wibisono,20,Laki-laki,Sawahlunto,"ECATBC4CE7, ECATCF9A43",ETWSB21454
CSTM77A89,Ratih Bagas Gunarto,28,Perempuan,Kendari,"ECAT14E3EF, ECATCF9A43",ETWS580551
CSTM08E30,Azalea Irawan,35,Perempuan,Batam,ECATCB88CA,"ETWSAA2917, ETWSAAEB9B"
CSTM7B86A,Usyi Hutagalung,32,Perempuan,Metro,ECATCF9A43,ETWSE6CE28
CSTME415D,Patricia Edi Zulkarnain,30,Perempuan,Pontianak,"ECAT5AB96A, ECAT14E3EF",ETWS96607F
CSTMD4C06,Niyaga Laras Oktaviani,26,Laki-laki,Bau-Bau,"ECAT5AB96A, ECATBC4CE7","ETWSD65441, ETWS640DF3"
CSTMF217E,Rina Saragih,27,Perempuan,Pariaman,"ECATCF9A43, ECAT962BE2, ECATCB88CA",ETWS3ECD2D
CSTM488D6,Gaiman Salman Sinaga,25,Laki-laki,Batam,"ECAT962BE2, ECATCF9A43, ECATBC4CE7","ETWSC1F28E, ETWS2F0E0E"
CSTM7AF8C,Panca Pertiwi,16,Laki-laki,Kotamobagu,"ECATCB88CA, ECAT962BE2, ECAT5AB96A","ETWSD5A198, ETWS48EAB0"
CSTMC9765,Jarwa Adinata Thamrin,21,Laki-laki,Sorong,"ECAT14E3EF, ECAT962BE2, ECAT5AB96A",ETWSB83B81
CSTM94B3A,Dinda Purwanti,22,Perempuan,Payakumbuh,ECATBC4CE7,"ETWSFF8087, ETWS4DABC0"
CSTM733CE,Makara Widodo,20,Laki-laki,Pontianak,ECAT962BE2,ETWSF93D2A
CSTM54BF4,Kania Saragih,16,Perempuan,Bandar Lampung,"ECATCF9A43, ECATCB88CA, ECAT962BE2",ETWS043689
CSTM5EA87,Ifa Cawisadi Rahmawati,38,Perempuan,Pariaman,"ECAT14E3EF, ECAT5AB96A",ETWS87B36D
CSTM7E955,Kamaria Langgeng Zulaika,17,Perempuan,Kota Administrasi Jakarta Selatan,"ECAT5AB96A, ECATCB88CA, ECATBC4CE7",ETWS269B95
CSTM8ECCD,Nabila Maryanto Rahayu,40,Perempuan,Banjarbaru,"ECAT14E3EF, ECAT962BE2","ETWS7A5058, ETWS580551"
CSTM52DB2,Dinda Prayoga,39,Perempuan,Pematangsiantar,"ECAT962BE2, ECATBC4CE7, ECAT5AB96A",ETWSE4F858
CSTMCA9A6,Ismail Respati Saefullah,39,Laki-laki,Probolinggo,ECATCF9A43,"ETWSC14251, ETWS01B92D"
CSTM64030,Ganda Permata,23,Laki-laki,Banjarbaru,"ECATBC4CE7, ECAT962BE2, ECAT5AB96A",ETWSBDDC69
CSTM45181,Yulia Simanjuntak,18,Perempuan,Padang,ECATCF9A43,ETWS9BB84A
CSTME86E0,Nugraha Farida,40,Laki-laki,Metro,"ECAT14E3EF, ECATCB88CA, ECAT5AB96A",ETWS93C913
CSTMDFDDE,Ozy Yahya Usamah,34,Laki-laki,Ternate,ECAT14E3EF,ETWS0AFCD5
CSTM90011,Kani Prasasta,36,Perempuan,Pariaman,ECAT5AB96A,"ETWS0AF595, ETWS10DD2D"
CSTM49CCB,Faizah Xanana Utama,16,Perempuan,Lhokseumawe,"ECAT962BE2, ECATCB88CA",ETWS5D855F
CSTM5A0BD,Galak Hidayanto,29,Laki-laki,Purwokerto,"ECATCB88CA, ECAT5AB96A, ECAT14E3EF","ETWSECA263, ETWS974000"
CSTM1A251,Anastasia Hani Pratama,29,Perempuan,Pematangsiantar,ECATCF9A43,ETWSEC0709
CSTM3F98A,Shania Mayasari,21,Perempuan,Metro,"ECATCF9A43, ECAT962BE2",ETWS42C680
CSTM7A26A,Paiman Mursita Prabowo,28,Laki-laki,Tidore Kepulauan,"ECAT962BE2, ECATCB88CA, ECAT14E3EF",ETWS5C6490
CSTMC67BD,Yunita Mutia Palastri,30,Perempuan,Bogor,ECATBC4CE7,ETWS6D9F90
CSTM33F4B,Suci Irawan,38,Perempuan,Palembang,"ECATBC4CE7, ECAT14E3EF, ECATCF9A43",ETWSBD1A07
CSTM1A3A6,Kemal Cager Iswahyudi,31,Laki-laki,Cilegon,ECAT5AB96A,ETWS7C75AA
CSTM6A6DE,Silvia Gabriella Astuti,20,Perempuan,Probolinggo,ECAT14E3EF,ETWS3692EB
CSTM90446,Cawuk Wibowo,35,Laki-laki,Kota Administrasi Jakarta Utara,"ECAT5AB96A, ECATCB88CA, ECAT14E3EF","ETWSCC736B, ETWS42C680"
CSTMA60FC,Raina Citra Setiawan,22,Perempuan,Padang,ECAT962BE2,ETWSAA8E74
CSTM54319,Dalima Martana Marbun,38,Perempuan,Jambi,"ECATCF9A43, ECATCB88CA","ETWS3726EE, ETWSAA2917"
CSTM1380D,Yance Mulyanto Mandala,19,Perempuan,Banjarmasin,ECATCF9A43,ETWS13FDB0
CSTME57B3,Kamidin Zulkarnain,16,Laki-laki,Batu,"ECAT5AB96A, ECATCB88CA","ETWSF98833, ETWSE4184F"
CSTM058A6,Hamima Manullang,28,Perempuan,Bau-Bau,"ECATCB88CA, ECATBC4CE7","ETWSC443AD, ETWS42C680"
CSTMC0672,Baktiono Agustina,40,Laki-laki,Dumai,"ECATBC4CE7, ECAT5AB96A",ETWSAA367B
CSTM3916C,Irma Safitri,37,Perempuan,Padang Sidempuan,"ECATCB88CA, ECAT5AB96A","ETWSD7FC0C, ETWSC15EE8"
CSTMA8D39,Nardi Kurniawan,16,Laki-laki,Batu,ECATCB88CA,ETWSB58FD7
CSTM03CB8,Fitria Nrima Uyainah,23,Perempuan,Sungai Penuh,"ECATCF9A43, ECAT5AB96A, ECAT14E3EF",ETWSE327E6
CSTM87319,Emong Usada,38,Laki-laki,Kupang,ECAT14E3EF,ETWSCB253C
CSTMDC7C9,Zulaikha Wastuti,18,Perempuan,Samarinda,ECAT5AB96A,ETWS321D7C
CSTMC4F24,Pangeran Prayogo Natsir,31,Laki-laki,Tangerang Selatan,ECATCF9A43,"ETWSDCEBE2, ETWSB35690"
CSTME0C02,Nabila Violet Yuliarti,20,Perempuan,Denpasar,"ECATBC4CE7, ECAT5AB96A, ECAT962BE2","ETWSDE6472, ETWSE4F858"
CSTMF13CD,Amalia Jaya Halimah,34,Perempuan,Pariaman,ECAT5AB96A,ETWS3E9FF6
CSTMA6A1D,Iriana Ganep Susanti,32,Perempuan,Subulussalam,"ECAT14E3EF, ECATCF9A43, ECAT962BE2","ETWS41AC62, ETWS3726EE"
CSTM8C2E9,Soleh Wastuti,35,Laki-laki,Palu,ECATCF9A43,"ETWSE4F858, ETWS9C7981"
CSTMFE78D,Jane Napitupulu,40,Perempuan,Solok,"ECAT962BE2, ECATBC4CE7","ETWS3039FF, ETWS8C5F69"
CSTMF00CA,Ciaobella Sirait,25,Perempuan,Singkawang,ECAT5AB96A,ETWSF34C60
CSTM9AE23,Cakrajiya Namaga,21,Laki-laki,Tegal,ECAT14E3EF,"ETWSECA263, ETWS959BF3"
CSTMF8ACB,Ratih Namaga,16,Perempuan,Palembang,ECAT5AB96A,"ETWS29308F, ETWSAA1D9A"
CSTMB4F53,Gantar Zamira Waskita,27,Laki-laki,Semarang,"ECATCF9A43, ECATCB88CA, ECAT962BE2",ETWS11DABC
CSTM3F87F,Rini Kalim Yolanda,22,Perempuan,Tidore Kepulauan,"ECATBC4CE7, ECAT5AB96A",ETWSF71F55
CSTM6020A,Pardi Halimah,21,Laki-laki,Kendari,"ECATBC4CE7, ECATCB88CA, ECAT962BE2",ETWSE768EF
CSTMFE43B,Yusuf Sirait,38,Laki-laki,Kupang,"ECATCB88CA, ECAT14E3EF","ETWS56743B, ETWSF25249"
CSTME5624,Puji Rahayu,40,Perempuan,Cilegon,"ECATCB88CA, ECATCF9A43, ECAT14E3EF","ETWSC795D1, ETWSF76016"
CSTM09E55,Zalindra Umay Sitompul,25,Perempuan,Bontang,ECAT14E3EF,"ETWS79FF57, ETWS85A726"
CSTM433F1,Rendy Estiono Pratiwi,39,Laki-laki,Pangkalpinang,"ECAT5AB96A, ECATBC4CE7","ETWS321D7C, ETWS488936"
CSTM0E56A,Warsita Daliono Sihombing,24,Laki-laki,Balikpapan,"ECATBC4CE7, ECAT962BE2, ECATCB88CA",ETWSB21454
CSTM801BA,Carla Puji Hartati,25,Perempuan,Sungai Penuh,"ECAT5AB96A, ECATBC4CE7, ECATCF9A43",ETWS96A08D
CSTM8B318,Vivi Wacana,19,Perempuan,Palopo,"ECATCB88CA, ECAT962BE2, ECAT14E3EF","ETWS4DABC0, ETWS8E3F3C"
CSTMBAB18,Unjani Siregar,38,Perempuan,Bekasi,"ECATBC4CE7, ECAT5AB96A","ETWS54E942, ETWSEC5299"
CSTM23AF8,Dadap Sitompul,27,Laki-laki,Pasuruan,"ECATCB88CA, ECAT14E3EF, ECATBC4CE7",ETWS91D914
CSTMCAA45,Nasim Asman Fujiati,38,Laki-laki,Tomohon,"ECAT14E3EF, ECATCB88CA, ECAT5AB96A","ETWS8E3F3C, ETWS890AD6"
CSTMC47E0,Dono Suryono,40,Laki-laki,Bau-Bau,"ECAT14E3EF, ECATBC4CE7, ECAT5AB96A","ETWSBCD4D6, ETWSC15EE8"
CSTMDB2DD,Estiono Artawan Suartini,19,Laki-laki,Tangerang,"ECAT962BE2, ECAT14E3EF, ECATCF9A43",ETWS71D5E1
CSTMD7D07,Puji Ardianto,21,Perempuan,Makassar,"ECAT14E3EF, ECATCB88CA",ETWS002801
CSTMB931A,Latika Karja Puspasari,17,Perempuan,Padangpanjang,ECAT5AB96A,"ETWS957CDD, ETWSCC736B"
CSTM35079,Gara Suryatmi,33,Laki-laki,Palu,ECAT962BE2,ETWS1A1A80
CSTME8F3B,Sabar Prabawa Dongoran,22,Laki-laki,Pariaman,"ECAT14E3EF, ECATCB88CA","ETWS1635E3, ETWS82BE68"
CSTM31A32,Vino Dalima Sinaga,30,Laki-laki,Padang,ECATCB88CA,"ETWS4DABC0, ETWSF76016"
CSTM6A83D,Kani Hamima Rajata,21,Perempuan,Bogor,ECAT14E3EF,"ETWS3A15A5, ETWSDD91D3"
CSTMEE7A5,Chelsea Arsipatra Oktaviani,35,Perempuan,Magelang,ECATCF9A43,"ETWS36E860, ETWSE9C84F"
CSTME327C,Genta Pradana,29,Perempuan,Solok,"ECAT14E3EF, ECATCF9A43, ECATBC4CE7","ETWS64CBD3, ETWSC1F28E"
CSTM1751C,Lalita Susanti,31,Perempuan,Tidore Kepulauan,ECAT962BE2,ETWS029414
CSTM512AB,Wirda Budiman,34,Perempuan,Sawahlunto,ECATBC4CE7,ETWSE768EF
CSTMD0BFE,Martana Astuti,25,Laki-laki,Bekasi,"ECAT962BE2, ECATCB88CA",ETWS4FFEE0
CSTMBEAD2,Kalim Mansur,27,Laki-laki,Dumai,"ECAT14E3EF, ECATCB88CA, ECATBC4CE7",ETWS260C72
CSTMAFCF4,Elisa Prayoga,16,Perempuan,Depok,"ECAT5AB96A, ECAT962BE2","ETWSBD1A07, ETWS13FDB0"
CSTMBF907,Mahmud Tasnim Wahyudin,17,Laki-laki,Samarinda,ECAT14E3EF,"ETWSC56AB3, ETWSD7FC0C"
CSTM04290,Marwata Dina Dongoran,18,Laki-laki,Banjarbaru,ECATBC4CE7,ETWSA7F69E
CSTMBE104,Faizah Pradipta,34,Perempuan,Pontianak,"ECAT962BE2, ECAT14E3EF",ETWSE9C84F
CSTM6F457,Cici Baktianto Usada,31,Perempuan,Blitar,"ECATCB88CA, ECATBC4CE7, ECAT5AB96A","ETWS13FDB0, ETWS7505F4"
CSTM4B458,Surya Uyainah,22,Laki-laki,Banjarmasin,ECATCF9A43,"ETWSE721A5, ETWS0FE105"
CSTM59D4D,Sadina Halim,36,Perempuan,Sungai Penuh,"ECATCF9A43, ECATCB88CA","ETWS185CED, ETWS0AF595"
CSTM55513,Lurhur Usada,26,Laki-laki,Sungai Penuh,"ECATCB88CA, ECAT962BE2, ECAT5AB96A",ETWSD70236
CSTMC78AE,Julia Hutapea,33,Perempuan,Pagaralam,ECAT5AB96A,"ETWSF25249, ETWS5E0A1B"
CSTM22875,Ami Rajasa,22,Perempuan,Padangpanjang,"ECAT962BE2, ECATCF9A43","ETWS48EAB0, ETWSEA5DB1"
CSTM1BD27,Chelsea Danu Riyanti,27,Perempuan,Bukittinggi,ECATCB88CA,ETWSC2F190
CSTM1D4C2,Vicky Marsito Suryatmi,38,Perempuan,Sukabumi,ECATCF9A43,"ETWSAA6ACD, ETWS1362A3"
CSTM88813,Karimah Gunarto,16,Perempuan,Pekanbaru,"ECAT5AB96A, ECATBC4CE7","ETWS0AF595, ETWS8E3F3C"
CSTMA380E,Paulin Reksa Narpati,33,Perempuan,Surakarta,"ECAT14E3EF, ECAT5AB96A","ETWSEFFE8E, ETWSEFFE8E"
CSTM6C199,Zahra Puspasari,34,Perempuan,Ambon,ECATCF9A43,ETWSE2C09C
CSTMD832F,Gambira Saefullah,40,Laki-laki,Singkawang,"ECAT5AB96A, ECAT962BE2",ETWS6D8C3D
CSTMC08DE,Vanesa Kayun Pranowo,23,Perempuan,Palangkaraya,"ECAT14E3EF, ECATCF9A43, ECATBC4CE7","ETWSA5F569, ETWS8E3F3C"
CSTM50958,Jayeng Raisa Budiman,24,Laki-laki,Banjarmasin,"ECAT962BE2, ECAT14E3EF, ECATBC4CE7",ETWS48EAB0
CSTM5FC47,Ismail Rajata,18,Laki-laki,Salatiga,"ECAT962BE2, ECATBC4CE7",ETWS9BB84A
CSTM94B87,Rahman Wisnu Usamah,33,Laki-laki,Cirebon,"ECAT962BE2, ECATBC4CE7",ETWS41AC62
CSTM32A00,Hartana Bala Suartini,29,Laki-laki,Bogor,"ECAT962BE2, ECATBC4CE7, ECATCF9A43",ETWSCA6177
CSTM85522,Lembah Sihombing,30,Laki-laki,Cilegon,"ECAT5AB96A, ECAT962BE2","ETWS1362A3, ETWS967B37"
CSTM27FBD,Ellis Saptono,35,Perempuan,Tebingtinggi,"ECAT5AB96A, ECATCB88CA, ECATBC4CE7","ETWS54E942, ETWS5378A5"
CSTM8391F,Sabrina Utami,22,Perempuan,Bandung,"ECATCB88CA, ECAT962BE2, ECATBC4CE7","ETWS5E0A1B, ETWS2A7149"
CSTM03046,Hani Uyainah,26,Perempuan,Probolinggo,"ECATBC4CE7, ECATCF9A43","ETWSFBC9AB, ETWS957CDD"
CSTMB8B62,Caraka Wasita,22,Laki-laki,Binjai,"ECAT14E3EF, ECAT5AB96A, ECATBC4CE7","ETWS5E0A1B, ETWSCE3C05"
CSTM6B8D1,Jamalia Prakasa,33,Perempuan,Sawahlunto,ECAT5AB96A,ETWS85A726
CSTMF8682,Dadi Lazuardi,18,Laki-laki,Bontang,"ECATCB88CA, ECAT962BE2, ECAT14E3EF",ETWSFF9288
CSTM46935,Gambira Pratama,23,Laki-laki,Kota Administrasi Jakarta Timur,"ECAT5AB96A, ECATBC4CE7","ETWS0AF595, ETWS7FA24D"
CSTM3B130,Nadia Lalita Prastuti,23,Perempuan,Padang Sidempuan,"ECAT14E3EF, ECAT5AB96A","ETWS8E3F3C, ETWSAAEB9B"
CSTM766F2,Labuh Palastri,24,Laki-laki,Pekalongan,"ECAT14E3EF, ECAT5AB96A, ECATBC4CE7","ETWS4925F2, ETWS553A67"
CSTMC4C60,Adinata Wastuti,24,Laki-laki,Mataram,"ECATCF9A43, ECAT14E3EF","ETWS0B5C2F, ETWS59F571"
CSTM423B9,Jail Cahya Manullang,35,Laki-laki,Gorontalo,"ECATCF9A43, ECAT5AB96A, ECATCB88CA",ETWSF91B79
CSTM929C5,Panca Halimah,27,Laki-laki,Bandar Lampung,"ECATBC4CE7, ECAT962BE2",ETWS967B37
CSTMCB960,Jelita Hasanah,25,Perempuan,Makassar,"ECAT5AB96A, ECATBC4CE7, ECATCB88CA","ETWSEDCF87, ETWSA73D7C"
CSTM81EB6,Candrakanta Qori Hassanah,30,Laki-laki,Banda Aceh,"ECATCF9A43, ECAT14E3EF","ETWS48117D, ETWS13FDB0"
CSTMA318B,Mariadi Anggraini,37,Laki-laki,Metro,"ECAT962BE2, ECATBC4CE7, ECATCF9A43",ETWSEDCF87
CSTM3B2D3,Genta Baktianto Putra,26,Perempuan,Padangpanjang,"ECATCB88CA, ECAT5AB96A, ECATBC4CE7",ETWSFBC9AB
CSTMA251B,Kanda Saiful Sihotang,36,Laki-laki,Serang,"ECAT5AB96A, ECATBC4CE7",ETWS3039FF
CSTMCC698,Cawisono Lasmanto Tamba,17,Laki-laki,Bontang,"ECAT962BE2, ECAT5AB96A, ECATBC4CE7","ETWS2A7149, ETWSC795D1"
CSTMC8AAB,Wisnu Habibi,23,Laki-laki,Tanjungbalai,ECATCF9A43,ETWSC13A52
CSTM1B491,Gilda Joko Irawan,23,Perempuan,Metro,"ECATBC4CE7, ECATCF9A43","ETWSF10659, ETWS32F890"
CSTMAACC8,Jamil Ophelia Haryanto,37,Laki-laki,Tarakan,ECATBC4CE7,ETWSB31209
CSTM713C4,Cakrawangsa Mandala,20,Laki-laki,Tanjungbalai,"ECAT962BE2, ECATBC4CE7",ETWSB35690
CSTM60386,Adikara Sarah Kurniawan,28,Laki-laki,Padangpanjang,"ECAT962BE2, ECATCB88CA, ECAT5AB96A",ETWSE327E6
CSTMAADDE,Harjo Balapati Marbun,17,Laki-laki,Yogyakarta,"ECATBC4CE7, ECAT962BE2","ETWSA8FDE6, ETWS890AD6"
CSTMB8C0C,Maryanto Pardi Manullang,32,Laki-laki,Kendari,"ECATBC4CE7, ECAT962BE2, ECAT14E3EF",ETWSDE6472
CSTM51A30,Tari Susanti,32,Perempuan,Ternate,"ECAT962BE2, ECAT5AB96A, ECATBC4CE7","ETWSD7FC0C, ETWSC13A52"
CSTMA65C4,Eja Hariyah,30,Laki-laki,Malang,"ECATCB88CA, ECAT5AB96A","ETWS20F48E, ETWS0FE105"
CSTMABA11,Vero Artanto Sirait,23,Laki-laki,Palopo,ECAT962BE2,"ETWSDCEBE2, ETWS7691B6"
CSTM96740,Umi Gambira Sinaga,24,Perempuan,Sungai Penuh,"ECATCF9A43, ECAT5AB96A","ETWS3F526B, ETWS6E8ADD"
CSTMC063D,Ira Prayoga,35,Perempuan,Bandar Lampung,"ECATCF9A43, ECAT962BE2",ETWS4963A7
