name_product,stock,kategori
Exsport Scholar Backpack Two Tone -  Light Pink,43,TAS BACKPACK
Exsport Scholar Backpack Two Tone -  Dark Olive,36,TAS BACKPACK
Exsport Poca Card Wallet -  Light Pink,17,SEMUA ETALASE
Exsport Poca Card Wallet -  Dark Olive,24,SEMUA ETALASE
Exsport Poca Card Wallet -  Sky Blue,43,SEMUA ETALASE
Exsport All Set Multipurpose Pouch - Dark Green,4,TAS POUCH
Exsport All Set Multipurpose Pouch - Light Brown,21,TAS POUCH
Exsport All Set Multipurpose Pouch - Dark Purple,17,TAS POUCH
Exsport All Set Multipurpose Pouch - Black,22,TAS POUCH
Exsport Basic Half Moon Mini Sling Bag -  Blueberry,9,TAS SLING BAG
Exsport Basic Half Moon Mini Sling Bag -  Light Yellow,30,TAS SLING BAG
Exsport Basic Half Moon Mini Sling Bag -  Beige,39,TAS SLING BAG
Exsport Basic Half Moon Mini Sling Bag -  Black,8,TAS SLING BAG
Exsport Basic Half Moon Sling Bag L -  Beige,31,TAS SLING BAG
Exsport Basic Half Moon Sling Bag L -  Green Army,40,TAS SLING BAG
Exsport Basic Half Moon Sling Bag L -  Dark Blue,36,TAS SLING BAG
Exsport Basic Half Moon Sling Bag L -  Maroon,12,TAS SLING BAG
Exsport Joyful Pack Bundle,21,SEMUA ETALASE
Exsport Festive Pack Bundle,13,SEMUA ETALASE
Exsport Sparks Pack Bundle,14,SEMUA ETALASE
Exsport Return Pack Bundle,33,SEMUA ETALASE
Exsport Homecoming Pack Bundle,16,SEMUA ETALASE
"Exsport Classic ""RR01 1979"" Backpack -  Light Pink",46,TAS BACKPACK
"Exsport Classic ""RR01 1979"" Backpack -  Dark Grey",18,TAS BACKPACK
Exsport Everyday Laptop Compartment Bag -  Light Yellow,13,TAS LAPTOP
Exsport Everyday Laptop Compartment Bag -  Dark Olive,13,TAS LAPTOP
Exsport Everyday Laptop Compartment Bag -  Purple,22,TAS LAPTOP
Exsport Easy Going Mini Backpack -  Light Pink,12,TAS BACKPACK
Exsport Easy Going Mini Backpack -  Emerald Green,23,TAS BACKPACK
Exsport Kumara Tote Bag -  Beige,22,TAS TOTE BAG
Exsport Kumara Tote Bag -  Maroon,47,TAS TOTE BAG
Exsport Daily Carry Hand Bag - Fucshia,40,SEMUA ETALASE
Exsport Daily Carry Hand Bag - Pink,49,SEMUA ETALASE
Exsport Daily Carry Hand Bag - Cream,45,SEMUA ETALASE
Exsport Daily Carry Hand Bag - Blueberry,19,SEMUA ETALASE
Exsport Daily Carry Hand Bag - Navy,2,SEMUA ETALASE
Exsport Daily Carry Hand Bag - Light Brown,22,SEMUA ETALASE
Exsport Flow And Go 102 Tote Bag -  Maroon,9,TAS TOTE BAG
Exsport Flow And Go 102 Tote Bag -  Beige,10,TAS TOTE BAG
Exsport Flow And Go 102 Tote Bag -  Dark Blue,25,TAS TOTE BAG
Exsport Flow And Go 102 Tote Bag -  Black,38,TAS TOTE BAG
Exsport Everyday Lanyard - Dark Olive,43,SEMUA ETALASE
Exsport Everyday Lanyard - Blueberry,27,SEMUA ETALASE
Exsport Everyday Lanyard - Emerald Green,43,SEMUA ETALASE
Exsport Everyday Lanyard - Light Pink,42,SEMUA ETALASE
Exsport Everyday Lanyard - Red,4,SEMUA ETALASE
Exsport Shoulder Pads Extension -  Beige,33,SEMUA ETALASE
Exsport Shoulder Pads Extension -  Maroon,14,SEMUA ETALASE
Exsport Shoulder Pads Extension -  Light Blue,23,SEMUA ETALASE
Exsport Shoulder Pads Extension -  Light Brown,40,SEMUA ETALASE
Exsport Shoulder Pads Extension -  Black,24,SEMUA ETALASE
Exsport Square Coin Pouch -  Emerald Green,25,TAS POUCH
Exsport Square Coin Pouch -  Light Yellow,40,TAS POUCH
Exsport Square Coin Pouch -  Purple,3,TAS POUCH
Exsport Daily Laptop Handbag -  Blueberry,46,TAS LAPTOP
Exsport Daily Laptop Handbag -  Emerald Green,24,TAS LAPTOP
Exsport Daily Laptop Handbag -  Dark Olive,13,TAS LAPTOP
"Exsport Fleur-Classic ""RR01 1979"" Backpack -  Cream",40,TAS BACKPACK
"Exsport Fleur-Classic ""RR01 1979"" Backpack -  Blueberry",3,TAS BACKPACK
Exsport Go Active Mini Sling Bag -  Light Pink,47,TAS SLING BAG
Exsport Go Active Mini Sling Bag -  Purple,11,TAS SLING BAG
Exsport Go Active Mini Sling Bag -  Red,50,TAS SLING BAG
Exsport Basic Cubical Sling Pouch -  Light Yellow,5,TAS SLING BAG
Exsport Basic Cubical Sling Pouch -  Emerald Green,37,TAS SLING BAG
Exsport Basic Cubical Sling Pouch -  Purple,29,TAS SLING BAG
Exsport Basic Cubical Sling Pouch -  Red,32,TAS SLING BAG
Exsport Triangle Coin Pouch - Navy,13,TAS POUCH
Exsport Bimble Coin Pouch - Light Purple,48,TAS POUCH
Exsport Bimble Coin Pouch -  Emerald Green,4,TAS POUCH
Tas Exsport Bimble Coin Pouch -  Light Pink,39,TAS POUCH
Tas Exsport Bimble Coin Pouch -  Red,20,TAS POUCH
Tas Exsport Basic Two Way Carry -  Blueberry,21,SEMUA ETALASE
Tas Exsport Basic Two Way Carry -  Beige,22,SEMUA ETALASE
Tas Exsport Reround Mini Sling Bag - Blueberry,9,TAS SLING BAG
Tas Exsport Reround Mini Sling Bag - Beige,18,TAS SLING BAG
Tas Exsport Reround Mini Sling Bag - Black,10,TAS SLING BAG
Tas Exsport Reround Mini Sling Bag - Light Pink,38,TAS SLING BAG
Tas Exsport Handle Multipurpose Pouch - Light Pink,26,TAS POUCH
Tas Exsport Handle Multipurpose Pouch - Curry,17,TAS POUCH
Tas Exsport Go Active Sling Bag - Emerald Green,20,TAS SLING BAG
Tas Exsport Go Active Sling Bag - Blueberry,13,TAS SLING BAG
Tas Exsport Go Active Sling Bag - Light Pink,28,TAS SLING BAG
Tas Exsport Everyday Laptop Sling Bag - Blueberry,6,TAS LAPTOP
Tas Exsport Everyday Laptop Sling Bag - Dark Olive,45,TAS LAPTOP
Tas Exsport Micro Two Way Carry - Emerald Green,12,SEMUA ETALASE
Tas Exsport Micro Two Way Carry - Curry,44,SEMUA ETALASE
Tas Exsport Micro Two Way Carry - Red,10,SEMUA ETALASE
Tas Exsport Jumper Mini Sling Bag -  Light Yellow,24,TAS SLING BAG
Tas Exsport Jumper Mini Sling Bag - Red,43,TAS SLING BAG
Tas Exsport Jumper Mini Sling Bag - Black,11,TAS SLING BAG
Tas Exsport Mingle Mini Sling Bag - Emerald Green,28,TAS SLING BAG
Tas Exsport Mingle Mini Sling Bag - Light Pink,37,TAS SLING BAG
Tas Exsport Mingle Mini Sling Bag - Light Yellow,48,TAS SLING BAG
Tas Exsport Mingle Mini Sling Bag - Purple,16,TAS SLING BAG
Tas Exsport Mingle Mini Sling Bag - Red,17,TAS SLING BAG
TIMELESS BLOOM STICKER SHEET,6,SEMUA ETALASE
PARTYING LIKE IT'S 1979 STICKER SHEET,38,SEMUA ETALASE
Exsport Legacy 45th Key Charm,48,SEMUA ETALASE
Exsport Legacy 45th T-Shirt L/XL,30,SEMUA ETALASE
Exsport Legacy 45th T-Shirt S-M,8,SEMUA ETALASE
Tas Exsport Jumper Rucksack Plaid - Dark Olive,40,TAS BACKPACK
Tas Exsport Jumper Rucksack Plaid - Dark Blue,2,TAS BACKPACK
Tas Exsport Jumper Rucksack Plaid - Beige,6,TAS BACKPACK
Tas Exsport Jumper Rucksack Plaid - Maroon,18,TAS BACKPACK
Tas Exsport Classic RR01 1979 Backpack Plaid - Maroon,19,TAS BACKPACK
Tas Exsport Classic RR01 1979 Backpack Plaid - Dark Blue,8,TAS BACKPACK
Tas Exsport Classic RR01 1979 Backpack Plaid - Dark Olive,25,TAS BACKPACK
Tas Exsport Classic RR01 1979 Backpack Plaid - Beige,35,TAS BACKPACK
Exsport Special Random Gift - 6,8,SEMUA ETALASE
Tas Coin Exsport Round Coin Pouch - Dark Olive,24,TAS POUCH
Tas Backpack Exsport Weekender Rucksack - Beige,24,TAS BACKPACK
Tas Backpack Exsport Weekender Rucksack - Dark Blue,5,TAS BACKPACK
Tas Ransel Exsport Chimo Two Way Carry Backpack - Dark Olive,40,TAS BACKPACK
Tas Ranse lExsport Chimo Two Way Carry Backpack - Dark Blue,45,TAS BACKPACK
Tas Ransel Exsport Chimo Two Way Carry Backpack - Beige,20,TAS BACKPACK
Tas Exsport Classic RR01 1979 Mini Backpack - Beige,12,TAS BACKPACK
Tas Exsport Classic RR01 1979 Mini Backpack - Black,8,TAS BACKPACK
Tas Exsport All Day 102 Laptop Backpack - Sky Blue,44,TAS LAPTOP
Tas Exsport All Day 102 Laptop Backpack - Dark Olive,13,TAS LAPTOP
Tas Exsport Go Around Tote Bag - krem,22,TAS TOTE BAG
Tas Exsport Daily Journey Laptop Tote Bag - Sky Blue,33,TAS LAPTOP
Tas Exsport Daily Journey Laptop Tote Bag - Green Army,45,TAS LAPTOP
Tas Exsport Basic Two Way Carry - Fuchia,30,SEMUA ETALASE
Tas Exsport Basic Two Way Carry - Dark Blue,27,SEMUA ETALASE
Tas Exsport Daily Laptop Handbag - Green Army,29,TAS LAPTOP
Tas Exsport Daily Laptop Handbag - Curry,25,TAS LAPTOP
Tas Exsport Daily Laptop Handbag - Sky Blue,37,TAS LAPTOP
Tas Selempang Exsport Mingle Mini Sling Bag - Sky Blue,5,TAS SLING BAG
Tas Selempang Exsport Mingle Mini Sling Bag - Beige,0,TAS SLING BAG
Tas Exsport Atlas Mini Rucksack - Pink,31,TAS BACKPACK
Tas Exsport Atlas Mini Rucksack - Curry,49,TAS BACKPACK
Tas Exsport Atlas Mini Rucksack - Dark Purple,21,TAS BACKPACK
Tas Exsport Atlas Mini Rucksack - Black,38,TAS BACKPACK
Tas Exsport Jumper Sling Bag - Light Brown,49,TAS SLING BAG
Tas Exsport Jumper Sling Bag - Black,39,TAS SLING BAG
Tas Ransel Exsport City Hustler Laptop Backpack - Green Army,22,TAS LAPTOP
Tas Ransel Exsport City Hustler Laptop Backpack - Curry,26,TAS LAPTOP
Tas Exsport Kumara Tote Bag - Dark Blue,19,TAS TOTE BAG
Tas Exsport Kumara Tote Bag - Light Brown,27,TAS TOTE BAG
Tas Exsport Classic RR01 1979 Backpack XL- Sky Blue,16,TAS BACKPACK
Tas Exsport Classic RR01 1979 Backpack XL- Cream,9,TAS BACKPACK
Tas Exsport Classic RR01 1979 Backpack XL- Green Army,8,TAS BACKPACK
Tas Exsport Classic RR01 1979 Backpack XL- Black,12,TAS BACKPACK
Exsport Trifold Wallet - Pink,28,SEMUA ETALASE
Exsport Trifold Wallet - Black,4,SEMUA ETALASE
Exsport Trifold Wallet - Sky Blue,48,SEMUA ETALASE
Exsport Trifold Wallet - Light Purple,6,SEMUA ETALASE
Tas Exsport Outgoing Tote Bag - Pink,10,TAS TOTE BAG
Exsport Rain Cover Tas - Black,23,SEMUA ETALASE
Exsport Rain Cover Tas - Salem,5,SEMUA ETALASE
Tas Exsport Micro Classic RR01 Pouch - Sky Blue,23,TAS POUCH
Tas Exsport Micro Classic RR01 Pouch - Pink,44,TAS POUCH
Tas Exsport Micro Classic RR01 Pouch - Lime,3,TAS POUCH
Tas Exsport Micro Classic RR01 Pouch - Green,14,TAS POUCH
Tas Exsport Take A Trip Foldable Backpack - Curry,50,TAS BACKPACK
Tas Exsport Take A Trip Foldable Backpack - Dark Purple,5,TAS BACKPACK
Tas Exsport Take A Trip Foldable Backpack - Lime,13,TAS BACKPACK
Tas Exsport Take A Trip Foldable Backpack - Black,4,TAS BACKPACK
Exsport Poca Card Wallet - Black,4,SEMUA ETALASE
Exsport Poca Card Wallet - Sky Blue,50,SEMUA ETALASE
Exsport Poca Card Wallet - Green,19,SEMUA ETALASE
Exsport Poca Card Wallet - Pink,1,SEMUA ETALASE
Tas Exsport Carry On Pouch 2 - Green,25,TAS POUCH
Tas Exsport Carry On Pouch 2 - Lime,24,TAS POUCH
Tas Exsport Basic Cubical Sling Pouch - Lime,4,TAS SLING BAG
Tas Exsport Basic Cubical Sling Pouch - Green,14,TAS SLING BAG
Tas Exsport Everyday Laptop Compartment Bag 14 inch - Dark Blue,43,TAS LAPTOP
Tas Exsport Everyday Laptop Compartment Bag 14 inch - Light Purple,47,TAS LAPTOP
Tas Exsport Hustler Laptop Sling Bag - Sky Blue,8,TAS LAPTOP
Tas Exsport Hustler Laptop Sling Bag - Curry,31,TAS LAPTOP
Tas Exsport Hustler Laptop Sling Bag - Full Black,16,TAS LAPTOP
Tas Ransel Exsport Jumper Rucksack - Curry,4,TAS BACKPACK
Tas Ransel Exsport Jumper Rucksack - Dark Purple,40,TAS BACKPACK
Tas Ransel Exsport Jumper Rucksack - Black,8,TAS BACKPACK
Tas Exsport Junior Plus Backpack - Pink,45,TAS BACKPACK
Tas Exsport Junior Plus Backpack - Black,21,TAS BACKPACK
Tas Exsport Junior Two Tone Backpack - Pink,15,TAS BACKPACK
Tas Exsport Daily Casual Totepack - Dark Olive,44,SEMUA ETALASE
Tas Exsport Daily Casual Totepack - Beige,11,SEMUA ETALASE
Tas Exsport Go Go Pencil Case - Green Army,28,SEMUA ETALASE
Tas Exsport Go Go Pencil Case - Dark Blue,27,SEMUA ETALASE
Tas Exsport Go Go Pencil Case - Curry,23,SEMUA ETALASE
Tas Exsport Lowkey Card Pouch - Sky Blue,49,TAS POUCH
Tas Exsport Lowkey Card Pouch - Green,33,TAS POUCH
Tas Exsport Lowkey Card Pouch - Pink,5,TAS POUCH
Tas Exsport Lowkey Card Pouch - Lime,20,TAS POUCH
Tas Exsport Scholar Backpack l L - Full Black,29,TAS BACKPACK
Tas Exsport Scholar Backpack l L - Sky Blue,11,TAS BACKPACK
Tas Exsport Scholar Backpack l L - Curry,20,TAS BACKPACK
Tas Exsport Round Coin Pouch - Sky Blue,29,TAS POUCH
Tas Exsport Round Coin Pouch - Green,44,TAS POUCH
Tas Exsport Round Coin Pouch - Pink,28,TAS POUCH
"Exsport Bimble Coin Pouch - Pink, XS",48,TAS POUCH
"Exsport Bimble Coin Pouch - Green, XS",48,TAS POUCH
"Exsport Bimble Coin Pouch - Sky Blue, XS",32,TAS POUCH
"Exsport Bimble Coin Pouch - Lime, XS",34,TAS POUCH
Tas Exsport Rolling Down Lunch Bag - Green,14,SEMUA ETALASE
Tas Exsport Rolling Down Lunch Bag - Dark Purple,31,SEMUA ETALASE
Tas Exsport Rolling Down Lunch Bag - Curry,28,SEMUA ETALASE
Tas Exsport Rolling Down Lunch Bag - Black,19,SEMUA ETALASE
Tas Exsport Handy Multipurpose Pouch - Pink,19,TAS POUCH
Tas Exsport Handy Multipurpose Pouch - Light Purple,35,TAS POUCH
Tas Exsport Handy Multipurpose Pouch - Green Army,15,TAS POUCH
Tas Exsport Get On It Tote Bag - Green Army,28,TAS TOTE BAG
"Tas Selempang Exsport Basic Half Moon Sling Bag - Soft Blue, L",6,TAS SLING BAG
"Tas Selempang Exsport Basic Half Moon Sling Bag - Pink, L",33,TAS SLING BAG
"Tas Selempang Exsport Basic Half Moon Sling Bag - Lime, L",21,TAS SLING BAG
"Tas Selempang Exsport Basic Half Moon Sling Bag - Green, L",14,TAS SLING BAG
Tas Selempang Exsport Basic Half Moon Sling Bag - Dark Purple. L,28,TAS SLING BAG
"Tas Selempang Exsport Basic Half Moon Sling Bag - Curry, L",16,TAS SLING BAG
"Tas Selempang Exsport Basic Half Moon Sling Bag - Black, L",42,TAS SLING BAG
"Tas Exsport Essential Laptop Sleeve 15"" - Navy",8,TAS LAPTOP
"Tas Exsport Essential Laptop Sleeve 15"" - Black",46,TAS LAPTOP
"Tas Exsport Essential Laptop Sleeve 14"" - Sky Blue",21,TAS LAPTOP
"Tas Exsport Essential Laptop Sleeve 14"" - Black",33,TAS LAPTOP
"Tas Exsport Daily Hustle Totepack - Curry, M",21,SEMUA ETALASE
"Tas Exsport Daily Hustle Totepack - Maroon, M",20,SEMUA ETALASE
"Tas Exsport Daily Hustle Totepack - Black, M",5,SEMUA ETALASE
"Tas ransel Exsport Easy Going Mini Backpack- Pink, S",15,TAS BACKPACK
"Tas Ransel Exsport Easy Going Mini Backpack- Dark Blue, S",1,TAS BACKPACK
Tas Jinjing Daily Training Duffle Bag - Dark Salem,46,SEMUA ETALASE
Tas Jinjing Daily Training Duffle Bag - Curry,28,SEMUA ETALASE
Tas Selempang Daily Training Sling Bag - Dark Salem,11,TAS SLING BAG
Tas Selempang Daily Training Sling Bag - Curry,21,TAS SLING BAG
Exsport Rain Cover - Green Army,29,SEMUA ETALASE
Exsport Rain Cover - Light Purple,48,SEMUA ETALASE
"Tas Ransel Exsport Day To Day Mini Rucksack - Curry, S",46,TAS BACKPACK
Sling Bag Exsport Happy Go Sling Bag  - Maroon,5,TAS SLING BAG
Sling Bag Exsport Happy Go Sling Bag  - Light Brown,12,TAS SLING BAG
Sling Bag Exsport Happy Go Sling Bag  - Green Army,16,TAS SLING BAG
Sling Bag Exsport Happy Go Sling Bag  - Black,36,TAS SLING BAG
Tas Jinjing Exsport Kumara Tote Bag - Light Blue,8,TAS TOTE BAG
Tas Jinjing Exsport Kumara Tote Bag - Green Army,24,TAS TOTE BAG
Tas Jinjing Exsport Kumara Tote Bag - Black,14,TAS TOTE BAG
Tas Selempang Exsport Go ON Vacation Sling Bag - Green Army,45,TAS SLING BAG
Tas Kotoran Exsport x Patem Dog Poo Bag - Light Brown,45,SEMUA ETALASE
Tas Kotoran Exsport x Patem Dog Poo Bag - Blue,17,SEMUA ETALASE
Tas Jinjing Exsport x Patem Dog Tote Bag - Dark Green,28,TAS TOTE BAG
Tas Jinjing Exsport x Patem Dog Tote Bag - Brown,19,TAS TOTE BAG
Pouch Exsport Handle Multipurpose Pouch - Mint Green,30,TAS POUCH
Pouch Exsport Handle Multipurpose Pouch - Cream,49,TAS POUCH
Pouch Exsport Handle Multipurpose Pouch - Green Army,29,TAS POUCH
Everyday Lanyard - Black,30,SEMUA ETALASE
Tas Jinjing Daily Journey Laptop Tote Bag Light Brown - Cokelat Muda,39,TAS LAPTOP
Tas Jinjing Daily Journey Laptop Tote Bag Dark Blue - Biru Tua,7,TAS LAPTOP
Tas Jinjing Daily Journey Laptop Tote Bag Black - Hitam,25,TAS LAPTOP
Tas Selempang Everyday Laptop Sling Bag Light Blue - Biru Muda,3,TAS LAPTOP
Tas Selempang Everyday Laptop Sling Bag Dark Blue - Biru Tua,20,TAS LAPTOP
Tas Selempang Everyday Laptop Sling Bag Black - Hitam,19,TAS LAPTOP
Tas Selempang Jumper Mini Sling Bag - Cream,26,TAS SLING BAG
Tas Selempang Jumper Mini Sling Bag - Fucshia,26,TAS SLING BAG
Tas Selempang Jumper Mini Sling Bag - Dark Blue,15,TAS SLING BAG
Tas Kamera Exsport All Day Camera pouch - Salem,16,TAS POUCH
tas Kamera Exsport All Day Camera pouch - Black,37,TAS POUCH
Tas Kamera Exsport All Day Camera pouch - Light Purple,28,TAS POUCH
Tas Kamera Exsport All Day Camera pouch - Light Blue,47,TAS POUCH
Tas Jinjing Multifungsi Exsport Daily Casual Totepack - Maroon,16,SEMUA ETALASE
Tas Jinjing City Essentials Duffle Bag - Green Army,46,SEMUA ETALASE
Tas Ransel Exsport Scholar Backpack l L - Green Army,40,TAS BACKPACK
Tas Jinjing Exsport City Essentials Duffle Bag - Black,20,SEMUA ETALASE
Tas Kecil Exsport Square Coin Pouch - Light Blue,29,TAS POUCH
Tas Kecil Exsport Square Coin Pouch - Salem,40,TAS POUCH
Tas Kecil Exsport Square Coin Pouch - Cream,0,TAS POUCH
Tas Selempang Exsport Go Active Mini Sling Bag - Cream,39,TAS SLING BAG
Tas Selempang Exsport Go Active Mini Sling Bag - Dark Blue,45,TAS SLING BAG
Tas Selempang Exsport Go Active Mini Sling Bag - Black,40,TAS SLING BAG
Tas Exsport Everyday Multipurpose Pouch 2 - Cream,31,TAS POUCH
Exsport Go Active Sling Bag -  Black,38,TAS SLING BAG
Exsport Fast Track Two Way Carry - Dark Blue,44,SEMUA ETALASE
Exsport Fast Track Two Way Carry -  Light Brown,17,SEMUA ETALASE
Exsport Daily Casual Totepack - Light Brown,4,SEMUA ETALASE
Exsport Daily Casual Totepack - Dark Blue,12,SEMUA ETALASE
Exsport Jumper Sling Bag -  Light Blue,0,TAS SLING BAG
Exsport Scholar Backpack IL - Dark Blue,38,TAS BACKPACK
Exsport City Hustler Laptop Backpack - Light Grey,14,TAS LAPTOP
Exsport Jumper Rucksack - Light Blue,0,TAS BACKPACK
Exsport Bimble Coin Pouch -  Cream,35,TAS POUCH
Exsport Bimble Coin Pouch - Fuchsia,2,TAS POUCH
Exsport Get On It Tote Bag - Maroon,9,TAS TOTE BAG
Exsport Get On It Tote Bag - Dark Blue,8,TAS TOTE BAG
Exsport Get On It Tote Bag - Black,45,TAS TOTE BAG
Tas Exsport Classic RR01 1979 Mini Backpack - Light Blue,38,TAS BACKPACK
Exsport Multipurpose Partition Bag - Blue,38,SEMUA ETALASE
Exsport Multipurpose Partition Bag - Salem,4,SEMUA ETALASE
Exsport Day To Day Mini Rucksack - Dark Blue,7,TAS BACKPACK
Exsport Jumper Sling Bag - Cream,12,TAS SLING BAG
Tas Exsport Daily Laptop Handbag - Maroon,29,TAS LAPTOP
Exsport Easy Going Mini Backpack - Black,10,TAS BACKPACK
Exsport Classic RR01 1979 Mini Backpack - Green Army,33,TAS BACKPACK
Exsport Classic RR01 1979 Mini Backpack - Fuchsia,0,TAS BACKPACK
Tas Exsport Go Around Tote Bag - Black,34,TAS TOTE BAG
Tas Jinjing Multifungsi Exsport Daily Casual Laptop Totepack - Black,6,TAS LAPTOP
Exsport Go Active Sling Bag - Cream,3,TAS SLING BAG
Tas Exsport Jumper Rucksack - Cream,50,TAS BACKPACK
Exsport Everyday Laptop Compartment Bag 2 - Black 14 inch,20,TAS LAPTOP
Exsport Take A Trip Duffle Bag - Black L,28,SEMUA ETALASE
Exsport Scholar Laptop Backpack - Cream L,6,TAS LAPTOP
Exsport Scholar Laptop Backpack - Black L,3,TAS LAPTOP
Exsport Daily Casual Laptop Totepack - Green Army,39,TAS LAPTOP
Exsport Daily Casual Laptop Totepack - Light Blue,25,TAS LAPTOP
Tas Exsport Go Around Tote Bag - Cream,0,TAS TOTE BAG
Exsport Everyday Multipurpose Pouch 2 - Black,23,TAS POUCH
Tas Exsport Classic RR01 1979 Backpack - Light Brown,15,TAS BACKPACK
Exsport Go Around Tote Bag - Light Brown,46,TAS TOTE BAG
Exsport Chimo Two Way Carry Laptop Backpack - Black,48,TAS LAPTOP
Exsport MicroTwo Way Carry - Light Brown,4,SEMUA ETALASE
Exsport MicroTwo Way Carry - Black,27,SEMUA ETALASE
Exsport MicroTwo Way Carry - Fuchsia,37,SEMUA ETALASE
Exsport Daily Laptop Handbag - Salem,39,TAS LAPTOP
Exsport Daily Laptop Handbag - Black,14,TAS LAPTOP
Exsport Daily Laptop Handbag - Cream,6,TAS LAPTOP
Exsport Scholar Laptop Backpack - Salem L,50,TAS LAPTOP
Exsport Scholar Laptop Backpack | - Light Brown L,17,TAS LAPTOP
Exsport Take A Trip Duffle Bag | - Salem L,24,SEMUA ETALASE
Tas Take A Trip Duffle l - Light Blue L,11,SEMUA ETALASE
Exsport Weekender Rucksack - Light Blue,37,TAS BACKPACK
Exsport Everyday Laptop Compartment Bag 2 - Cream 14 inch,37,TAS LAPTOP
Exsport Everyday Laptop Compartment Bag - Salem 14 inch,3,TAS LAPTOP
Exsport Weekender Rucksack - Salem,16,TAS BACKPACK
Exsport Weekender Rucksack - Cream,0,TAS BACKPACK
Exsport Weekender Rucksack - Black,46,TAS BACKPACK
Exsport Classic RR01 1979 Backpack - Light Blue,19,TAS BACKPACK
Exsport Classic RR01 1979 Backpack - Black,3,TAS BACKPACK
Exsport Classic RR01 1979 Backpack - Cream,19,TAS BACKPACK
Exsport Fast Track Two Way Carry - Black,34,SEMUA ETALASE
Exsport Day To Day Mini Rucksack - salem,27,TAS BACKPACK
Exsport Day To Day Mini Rucksack - Black,17,TAS BACKPACK
Exsport Mingle Mini Sling Bag - Black,0,TAS SLING BAG
Exsport Basic Two Way Carry - Light Blue,36,SEMUA ETALASE
Exsport Basic Two Way Carry - Black,4,SEMUA ETALASE
Exsport Basic Two Way Carry - Light Brown,44,SEMUA ETALASE
Exsport Basic Cubical Sling Pouch - Black,18,TAS SLING BAG
Exsport Basic Cubical Sling Pouch - Light Brown,44,TAS SLING BAG
Exsport Basic Cubical Sling Pouch - Light Blue,28,TAS SLING BAG
Exsport Special Random Gift - 5,5,SEMUA ETALASE
Exsport Special Random Gift - 3,28,SEMUA ETALASE
Exsport Special Random Gift - 1,12,SEMUA ETALASE
Tas Exsport Basic Two Way Carry - Green,15,SEMUA ETALASE
Tas Ranse lExsport City Hustler Laptop Backpack - Dark Blue,32,TAS LAPTOP
Tas Exsport Kumara Mini Sling Bag - Dark Blue,38,TAS SLING BAG
Tas Exsport Kumara Mini Sling Bag - Light Brown,11,TAS SLING BAG
Tas Exsport Outgoing Tote Bag - Curry,11,TAS TOTE BAG
Tas Exsport untuk pembelian Bulk Order,0,SEMUA ETALASE
Tas Exsport Basic Cubical Sling Pouch - Dark Blue,11,TAS SLING BAG
Tas Exsport Junior Plus Backpack - Dark Blue,48,TAS BACKPACK
Tas Exsport Junior Two Tone Backpack - Dark Blue,21,TAS BACKPACK
Tas Exsport Junior Backpack - Pink,22,TAS BACKPACK
Tas Exsport Go Go Pencil Case - Pink,44,SEMUA ETALASE
Tas Exsport Round Coin Pouch - Lime,31,TAS POUCH
Tas Exsport Penny Coin Pouch - Sky Blue,49,TAS POUCH
Tas Exsport Penny Coin Pouch - Green,5,TAS POUCH
Tas Exsport Penny Coin Pouch - Pink,13,TAS POUCH
Tas Exsport Penny Coin Pouch - Lime,33,TAS POUCH
Tas Exsport Get On It Tote Bag - Curry,9,TAS TOTE BAG
"Tas Selempang Exsport Go Active Sling Bag - Pink, M",30,TAS SLING BAG
"Tas Mini Exsport Micro Two Way Carry - Sky Blue, S",41,SEMUA ETALASE
"Tas Mini Exsport Micro Two Way Carry - Pink, S",16,SEMUA ETALASE
Tas Exsport Outgoing Backpack - Sky Blue,9,TAS BACKPACK
Tas Ransel Exsport Outgoing Backpack - Olive,2,TAS BACKPACK
Tas Ransel Exsport Outgoing Backpack - Fucshia,23,TAS BACKPACK
Tas Ransel Exsport Outgoing Backpack - Black,41,TAS BACKPACK
"Tas Exsport Daily Hustle Totepack - Mint Green, M",22,SEMUA ETALASE
"Tas Exsport Daily Hustle Totepack - Dark Purple, M",33,SEMUA ETALASE
"Tas Exsport Starter Tennis Tote Bag - Curry, NOS",33,TAS TOTE BAG
"Tas Exsport Starter Tennis Tote Bag - Green Army, NOS",7,TAS TOTE BAG
"Tas Exsport Starter Tennis Tote Bag - Black, NOS",42,TAS TOTE BAG
Tas Daily Training Foldable Pack - Dark Salem,7,SEMUA ETALASE
Tas Daily Training Foldable Pack - Dark Blue,42,SEMUA ETALASE
Tas Jinjing Daily Training Duffle Bag - Dark Blue,40,SEMUA ETALASE
Tas Sepatu Daily Training Shoes Bag - Dark Blue,19,SEMUA ETALASE
Tas Sepatu Daily Training Shoes Bag - Dark Salem,15,SEMUA ETALASE
Birthday/ Congratulations Gift Card Exsport,19,SEMUA ETALASE
"Tas Ransel Exsport Classic RR01 1979 Backpack - Pink, L",23,TAS BACKPACK
"Tas Ransel Exsport Classic RR01 1979 Backpack - Dark Purple, L",8,TAS BACKPACK
"Tas Ransel Exsport Classic RR01 1979 Backpack - Curry, L",8,TAS BACKPACK
"Tas Selempang Exsport Reround Mini Sling Bag - Pink, S",19,TAS SLING BAG
"Tas Ransel Exsport Day To Day Mini Rucksack - Pink, S",25,TAS BACKPACK
"Tas Ransel Exsport Day To Day Mini Rucksack - Dark Purple, S",47,TAS BACKPACK
Tas Exsport Go Around Tote Bag - Green,49,TAS TOTE BAG
Tas Jinjing Exsport Kumara Tote Bag - Salem,45,TAS TOTE BAG
Tas Ransel Exsport Go On Vacation Backpack - Black,12,TAS BACKPACK
Tas Selempang Exsport Go ON Vacation Sling Bag - Black,30,TAS SLING BAG
Tas Jinjing Exsport Go On Vacation Duffle - Green Army,26,SEMUA ETALASE
Tas Jinjing Exsport Go On Vacation Duffle - Black,48,SEMUA ETALASE
Harnes Exsport x Patem Dog Harness - Fucshia,4,SEMUA ETALASE
Harnes Exsport x Patem Dog Harness - Blue,50,SEMUA ETALASE
Tali Anjing x Patem Dog Leash - Blue,26,SEMUA ETALASE
Rain Cover - Grey,29,SEMUA ETALASE
Tas Exsport Take A Trip Foldable Backpack - Red,7,TAS BACKPACK
Tas Exsport Take A Trip Foldable Backpack - Blue,16,TAS BACKPACK
Tas Exsport Take A Trip Foldable Backpack - Pink,17,TAS BACKPACK
Tas Ransel Classic RR01 1979 Mini Backpack - Light Purple,10,TAS BACKPACK
Everyday Lanyard - Olive,40,SEMUA ETALASE
Everyday Lanyard - Light Purple,2,SEMUA ETALASE
Everyday Lanyard - Mint Green,44,SEMUA ETALASE
Everyday Lanyard - Dark Orange,24,SEMUA ETALASE
Tas Jinjing Daily Journey Laptop Tote Bag - Salem,20,TAS LAPTOP
Tas Selempang Everyday Laptop Sling Bag Light Purple - Ungu Muda,39,TAS LAPTOP
Tas Selempang Jumper Mini Sling Bag - Mint Green,42,TAS SLING BAG
Tas Selempang Jumper Mini Sling Bag - Light Purple,26,TAS SLING BAG
Tas Selempang Jumper Mini Sling Bag - Olive,35,TAS SLING BAG
Tas Ransel Classic RR01 1979 Backpack Canvas Light Blue - Biru Muda,46,TAS BACKPACK
Tas Selempang Exsport x Yupi Burger Sling Bag - Green Army,26,TAS SLING BAG
Tas Exsport Day To Day Mini Rucksack - Poppin - Cream,41,TAS BACKPACK
Tas Exsport Scholar Backpack l L - Poppin - Green Army,50,TAS BACKPACK
Tas Exsport Scholar Backpack l L - Poppin - Cream,4,TAS BACKPACK
Exsport Jumper Mini Sling Bag - Poppin - Green Army,31,TAS SLING BAG
Tas Exsport Jumper Mini Sling Bag - Poppin - Cream,49,TAS SLING BAG
Tas Exsport Day To Day Mini Rucksack - Poppin - Green Army,15,TAS BACKPACK
Tas Selempang Wanita Exsport Carry On Sling Bag - Dark Green,25,TAS SLING BAG
Tas Selempang Wanita Exsport Go Around Waist Bag - Red,23,SEMUA ETALASE
Tas Jinjing Exsport Go Around Tote Bag - Green Army,29,TAS TOTE BAG
Tas Jinjing Exsport Take A Trip Duffle - Light Purple,18,SEMUA ETALASE
Tas Jinjing Exsport Daily Laptop Tote Bag - Light Brown,27,TAS LAPTOP
Tas Jinjing Exsport Daily Laptop Tote Bag - Dark Blue,28,TAS LAPTOP
Tas Jinjing Exsport Daily Laptop Tote Bag - Black,40,TAS LAPTOP
Tas Ransel Exsport All Day 102 Laptop Backpack - Light Purple,10,TAS LAPTOP
Tas Ransel Exsport All Day 102 Laptop Backpack - Light Brown,8,TAS LAPTOP
Tas Ransel Exsport All Day 102 Laptop Backpack - Black,13,TAS LAPTOP
Sling Bag Exsport Mingle Mini Sling Bag - Fucshia,3,TAS SLING BAG
Tas Sling Bag Exsport Mingle Mini Sling Bag - Olive,4,TAS SLING BAG
Tas Jinjing Exsport Go-Getter 102 Tote Bag - Mint Green,9,TAS TOTE BAG
Tas Jinjing Exsport Go-Getter 102 Tote Bag - Black,33,TAS TOTE BAG
Tas Kecil Exsport Slim Pouch - Relove - Orange,33,TAS POUCH
Tas Kecil Exsport Slim Pouch - Relove - Green,50,TAS POUCH
Tas Kecil Exsport Slim Pouch - Relove - Pink,46,TAS POUCH
Tas Kecil Exsport Slim Pouch - Relove - Blue,38,TAS POUCH
Tas Kecil Exsport Pouch - Relove - Orange,1,TAS POUCH
Tas Kecil Exsport Pouch - Relove - Green,4,TAS POUCH
Tas Kecil  Exsport Pouch - Relove - Pink,47,TAS POUCH
Tas Kecil Exsport Pouch - Relove - Blue,35,TAS POUCH
Tas Ransel Exsport Strolling Around Backpack - Dark Blue,2,TAS BACKPACK
Buku Jurnal Exsport Relove Journaling Book - Pink,17,SEMUA ETALASE
Buku Jurnal Exsport Relove Journaling Book - Green,46,SEMUA ETALASE
Buku Jurnal Exsport Relove Journaling Book - Blue,44,SEMUA ETALASE
Tas Jinjing Exsport Relove Foldable Tote Bag - Yellow,38,TAS TOTE BAG
Tas Jinjing Exsport  Relove Foldable Tote Bag - Salem,2,TAS TOTE BAG
Tas Jinjing Exsport Relove Foldable Tote Bag - Blue,2,TAS TOTE BAG
Tas Kecil Exsport Carry-On Pouch - Olive,17,TAS POUCH
Tas Kecil Exsport Carry-On Pouch - Mint Green,33,TAS POUCH
Tas Kecil Exsport Square Coin Pouch - Dark Orange,13,TAS POUCH
Tas Selempang Exsport Go Active Mini Sling Bag - Olive,32,TAS SLING BAG
Tas Selempang Exsport Go Active Mini Sling Bag - Dark Orange,32,TAS SLING BAG
Tas Selempang Exsport Go Active Mini Sling Bag - Light Purple,38,TAS SLING BAG
Tas Ransel Exsport Kumara Backpack - Mint Green,42,TAS BACKPACK
Tas Ransel Exsport Kumara Backpack Light Brown - Cokelat Muda,42,TAS BACKPACK
Tas Ransel Exsport Strolling Around Backpack - Light Purple,21,TAS BACKPACK
Tas Ransel Exsport Strolling Around Backpack - Green Army,34,TAS BACKPACK
Exsport x Phantasien Tote Bag,5,TAS TOTE BAG
Exsport Take A Trip Duffle Bag Three Tone - Salem L,15,SEMUA ETALASE
Exsport Basic Crunch Handbag - Navy,27,SEMUA ETALASE
Exsport Basic Crunch Handbag - Green Army,37,SEMUA ETALASE
Exsport Basic Crunch Handbag - Olive,13,SEMUA ETALASE
Exsport Basic Crunch Handbag - Light Blue,23,SEMUA ETALASE
Exsport Weekender Rucksack - Olive,42,TAS BACKPACK
Exsport Weekender Rucksack - Maroon,33,TAS BACKPACK
Exsport Classic RR01 1979 Backpack V2 - Fuschsia,33,TAS BACKPACK
Exsport Handheld Laptop Tote Bag - Dark Brown,23,TAS LAPTOP
Exsport Handheld Laptop Tote Bag - Dark Blue,18,TAS LAPTOP
Exsport Academia Backpack - Dark Blue,7,TAS BACKPACK
Exsport Academia Backpack - Fuchsia,16,TAS BACKPACK
Exsport Academia Backpack - Yellow,39,TAS BACKPACK
Exsport Academia Backpack - Light Grey,29,TAS BACKPACK
Exsport Academia Backpack - Green Army,35,TAS BACKPACK
Exsport Academia Backpack - Black,45,TAS BACKPACK
Exsport x Phantasien Shelter Tenda,48,SEMUA ETALASE
Tas Selempang Exsport Go Active Sling Bag - Light Purple,16,TAS SLING BAG
Exsport Go Active Sling Bag - Olive,35,TAS SLING BAG
Exsport Everyday Rucksack - Light Grey,14,TAS BACKPACK
Exsport Everyday Rucksack - Brown,12,TAS BACKPACK
Exsport Everyday Rucksack - Blalck,0,TAS BACKPACK
Exsport Crafter Series A - Tosca,13,SEMUA ETALASE
Exsport Drizzle Backpack - Cream,8,TAS BACKPACK
Exsport Drizzle Backpack - Light Blue,34,TAS BACKPACK
Exsport Drizzle Backpack - Salem,17,TAS BACKPACK
Exsport Everyday Multipurpose Pouch - Dark Blue,4,TAS POUCH
Exsport Junior Plus Backpack - Navy,48,TAS BACKPACK
Exsport Junior Plus Backpack - Black,48,TAS BACKPACK
Exsport Junior Plus Backpack - Fuchsia,44,TAS BACKPACK
Exsport Junior Two Tone Backpack - Light Blue,27,TAS BACKPACK
Exsport Junior Two Tone Backpack - Salem,18,TAS BACKPACK
Exsport Jumper Sling Bag -  Mint Green,6,TAS SLING BAG
Exsport Discover Sling Bag - Salem,23,TAS SLING BAG
Exsport Discover Sling Bag - Dark Green,15,TAS SLING BAG
Exsport Discover Sling Bag - Brown,37,TAS SLING BAG
Exsport Discover Sling Bag - Black,22,TAS SLING BAG
Exsport City Hustler Laptop Backpack - Dark Brown,30,TAS LAPTOP
Exsport Jumper Rucksack - Mint Green,18,TAS BACKPACK
Exsport Jumper Rucksack - Light Purple,14,TAS BACKPACK
Exsport Hustler Laptop Sling Bag - Light Purple,38,TAS LAPTOP
Exsport Hustler Laptop Sling Bag  -  Dark Blue,3,TAS LAPTOP
Exsport Bimble Coin Pouch - Olive,23,TAS POUCH
Exsport Bimble Coin Pouch - Light Purple,21,TAS POUCH
Jerome 01 Laptop Backpack - Blue,31,TAS LAPTOP
Exsport Concert Reround Sling Bag - Black,34,TAS SLING BAG
Exsport Mingle Mini Sling Bag - Mint Green,27,TAS SLING BAG
Exsport Mingle Mini Sling Bag - Light Purple,36,TAS SLING BAG
Exsport Brittle Mini Sling Bag - Olive,32,TAS SLING BAG
Exsport Brittle Mini Sling Bag - Mint Green,4,TAS SLING BAG
Exsport Brittle Mini Sling Bag - Dark Orange,7,TAS SLING BAG
Exsport Brittle Mini Sling Bag - Black,16,TAS SLING BAG
"Exsport Everyday Laptop Sleeve 13"" - Light Green",26,TAS LAPTOP
Exsport Carry All Mini Sling Bag - Dark Orange,6,TAS SLING BAG
Exsport Day To Day Mini Rucksack - Light Purple,26,TAS BACKPACK
Exsport Concert Reround Sling Bag - Light Brown,25,TAS SLING BAG
Exsport Concert Kumara Sling Bag - Black,49,TAS SLING BAG
Exsport Concert Kumara Sling Bag - Light Brown,40,TAS SLING BAG
Exsport Concert Easy Going Sling Bag - Light Brown,48,TAS SLING BAG
Exsport Concert Easy Going Sling Bag - Black,3,TAS SLING BAG
Tas Exsport Take A Trip Duffle - Dark Orange M,34,SEMUA ETALASE
"Tas Exsport Becca Citypack Medium, Black",8,SEMUA ETALASE
Exsport Mochila Mini Sling Bag - Fuchsia,8,TAS SLING BAG
Exsport Carry-On Pouch - Green Army,37,TAS POUCH
Exsport Easy Going Sling Bag - Olive,18,TAS SLING BAG
Exsport Go Active Sling Bag - Green,6,TAS SLING BAG
Exsport Expand Pouch Set - Blue,37,TAS POUCH
Exsport Everyday Ipad Sleeve - Black,10,TAS LAPTOP
Exsport Everyday Ipad Sleeve - Light Blue,36,TAS LAPTOP
Exsport Everyday Ipad Sleeve - Fuchsia,39,TAS LAPTOP
Exsport Everyday Ipad Sleeve - Dark Orange,3,TAS LAPTOP
Exsport Blossom Everyday Multipurpose Pouch - Black,31,TAS POUCH
Exsport Blossom City Strolling Sling Bag - Black,38,TAS SLING BAG
Exsport Blossom Everyday Laptop Compartment Bag 14 Inch - Black,34,TAS LAPTOP
Exsport Blossom Classic RR01 1979 Backpack - Black,8,TAS BACKPACK
Exsport Scholar Backpack Canvas - Navy L,27,TAS BACKPACK
Exsport Jerome 01 Laptop Backpack - Black,11,TAS LAPTOP
Exsport Daily Casual Laptop Totepack - Dark Orange,25,TAS LAPTOP
Everyday Laptop Sleeve 14 Inch - Black,28,TAS LAPTOP
Exsport Classic RR01 1979 Backpack - Green Army,21,TAS BACKPACK
"Exsport Everyday Laptop Sleeve 14"" - Fuchsia",41,TAS LAPTOP
"Exsport Everyday Laptop Sleeve 14"" - Navy",2,TAS LAPTOP
"Exsport Everyday Laptop Sleeve 13"" - Fuchsia",24,TAS LAPTOP
"Exsport Everyday Laptop Sleeve 13"" - Navy",17,TAS LAPTOP
"Exsport Everyday Laptop Sleeve 13"" - Light Brown",28,TAS LAPTOP
Exsport Everyday Laptop Tote Bag - Light Blue,9,TAS LAPTOP
Exsport Everyday Laptop Tote Bag - Green Army,14,TAS LAPTOP
Exsport Essential Sling Bag - Off White,47,TAS SLING BAG
Exsport Essential Sling Bag - Gold,24,TAS SLING BAG
Exsport Essential Sling Bag - Navy,10,TAS SLING BAG
Exsport Kumara Mini Backpack - Salem,10,TAS BACKPACK
Exsport Expand Pouch Set - Dark Green,33,TAS POUCH
Exsport Expand Pouch Set - Pink,32,TAS POUCH
Exsport Picnic Tote Bag - Light Salem,3,TAS TOTE BAG
Exsport Picnic Tote Bag - Light Blue,15,TAS TOTE BAG
Exsport Essential Sling Bag - Orange,22,TAS SLING BAG
Exsport Essential Sling Bag - Salem,6,TAS SLING BAG
Exsport Everyday Insulated Lunch Bag - Yellow,9,SEMUA ETALASE
Exsport Handheld Laptop Tote Bag - Salem,18,TAS LAPTOP
Exsport Go-Getter Tote Bag Three Tone - Salem,30,TAS TOTE BAG
Exsport Everyday Laptop Sleeve 13 Inch - Green,41,TAS LAPTOP
Exsport Everyday Laptop Sleeve 14 Inch - Salem,26,TAS LAPTOP
Exsport Carry On Sling Bag - Cream,33,TAS SLING BAG
Exsport Everyday Multipurpose Pouch - Magenta,1,TAS POUCH
Exsport x Phantasien Backpack,20,TAS BACKPACK
Exsport Tech Slim Laptop Backpack - Dark Orange,20,TAS LAPTOP
Exsport Handheld Pouch - Dark Orange,42,TAS POUCH
Exsport Handheld Pouch - Light Brown,23,TAS POUCH
Exsport Handheld Pouch - Light Green,29,TAS POUCH
Exsport Handheld Pouch - Black,32,TAS POUCH
Exsport Handheld Pouch - Fuchsia,8,TAS POUCH
Exsport Scholar Laptop Backpack - Navy L,27,TAS LAPTOP
"Tas Everyday Laptop Sleeve 14""- 50 Micrograms - Blue",23,TAS LAPTOP
Tas Carry On Pouch - 50 Micrograms - Blue,13,TAS POUCH
"Exsport Everyday Laptop Sleeve 13""- 50 Micrograms - Blue",32,TAS LAPTOP
Exsport Picnic Insulated Meal Bag - Light Blue,9,SEMUA ETALASE
Exsport Picnic Insulated Meal Bag - Salem,3,SEMUA ETALASE
Exsport Easy Going Sling Bag - Black,49,TAS SLING BAG
Tas Exsport Go-Getter Rucksack - Red,29,TAS BACKPACK
Exsport Go-Getter Rucksack - Black,27,TAS BACKPACK
Tas Exsport Go-Getter Rucksack - Blue,16,TAS BACKPACK
Exsport Go-Getter Rucksack - Dark Green,43,TAS BACKPACK
Exsport x Yupi Baby Bear Handphone Sling Bag - Navy,41,TAS SLING BAG
Exsport x Yupi Baby Bear Handphone Sling Bag - Green Army,2,TAS SLING BAG
Exsport x Yupi Baby Bear Handphone Sling Bag - Yellow,13,TAS SLING BAG
Exsport x Yupi Baby Bear Handphone Sling Bag - Dark Orange,43,TAS SLING BAG
Exsport x Yupi Baby Bear Handphone Sling Bag - Light Blue,28,TAS SLING BAG
"SEGIA 2 WAY, BLU, L",42,SEMUA ETALASE
Exsport Rain Cover - Salem,14,SEMUA ETALASE
Exsport Rain Cover - Black,37,SEMUA ETALASE
Exsport x Yupi Mono Airpods Pouch - Light Blue,25,TAS POUCH
Exsport x Yupi Mono Airpods Pouch - Yellow,21,TAS POUCH
Exsport x Yupi Mono Airpods Pouch - Dark Orange,35,TAS POUCH
Exsport Everyday Ipad Compartment Pouch - Green Army,46,TAS POUCH
Exsport Everyday Ipad Compartment Pouch - Fuchsia,48,TAS POUCH
Exsport Everyday Ipad Compartment Pouch - Yellow,9,TAS POUCH
Exsport Everyday Laptop Tote Bag - Salem,46,TAS LAPTOP
Exsport Everyday Laptop Tote Bag - Black,20,TAS LAPTOP
Exsport Everyday Laptop Tote Bag - Navy,37,TAS LAPTOP
Exsport Everyday Laptop Tote Bag - Cream,40,TAS LAPTOP
Exsport Easy Going Sling Bag - Salem,23,TAS SLING BAG
"DOTTY PENCASE, LIM, NOS",6,SEMUA ETALASE
Exsport Day To Day Mini Rucksack-50 Micrograms - Blue,4,TAS BACKPACK
Exsport Classic RR01 1979 Mini Backpack - Dark Orange,17,TAS BACKPACK
Tas Exsport Calvino Green,22,SEMUA ETALASE
Exsport Reround Mini Sling Bag - Brown,20,TAS SLING BAG
Exsport x Yupi Mono Airpods Pouch - Green Army,41,TAS POUCH
Tas Exsport Go Getter Rucksack Two Tone - Salem,11,TAS BACKPACK
Exsport Companion Pouch - Light Brown,50,TAS POUCH
Exsport Companion Pouch - Fuchsia,38,TAS POUCH
Exsport Take A Trip Duffle Bag | - Green M,34,SEMUA ETALASE
Exsport Take A Trip Duffle Bag | - Navy M,25,SEMUA ETALASE
Tas Exsport Elvira Medium - Grey M,28,SEMUA ETALASE
Tas Stecy Tyreal - Gold L,30,SEMUA ETALASE
Exsport Mono Airpods Pouch - Yellow,31,TAS POUCH
Exsport Mono Airpods Pouch - Pink,20,TAS POUCH
Exsport Mono Airpods Pouch - Green,33,TAS POUCH
Exsport Mono Airpods Pouch - Blue,38,TAS POUCH
Tas Exsport Jumper Rucksack - Green Army,34,TAS BACKPACK
Exsport Mochila Mini Sling Bag - Light Blue,39,TAS SLING BAG
Exsport Mochila Poly Sling Bag - Purple,21,TAS SLING BAG
Exsport Mochila Poly Sling Bag - Tosca,20,TAS SLING BAG
Exsport Scholar Laptop Backpack - Brown L,0,TAS LAPTOP
Exsport Take A Trip Duffle - Light Green M,41,SEMUA ETALASE
Exsport All Day Laptop Backpack - Dark Green,26,TAS LAPTOP
Exsport All Day Laptop Backpack - Black,50,TAS LAPTOP
Exsport All Day Laptop Backpack - Salem,10,TAS LAPTOP
Exsport Go Around Tote Bag - Dark Green,45,TAS TOTE BAG
Exsport Carry-On Pouch - Light Blue,4,TAS POUCH
Exsport Sunny Hanging Pouch - Pink,42,TAS POUCH
Exsport Sunny Hanging Pouch - Blue,8,TAS POUCH
Exsport Sunny Hanging Pouch - Green,16,TAS POUCH
Exsport Sunny Hanging Pouch - Yellow,37,TAS POUCH
Exsport Go-Getter Tote Bag - Green,29,TAS TOTE BAG
Exsport Go-Getter Tote Bag - Blue,6,TAS TOTE BAG
Exsport Go-Getter Tote Bag - Brown,13,TAS TOTE BAG
Exsport Go-Getter Tote Bag - Black,11,TAS TOTE BAG
"LUCKY PATCH SET, NOC, NOS",6,SEMUA ETALASE
CINEMA PATCH SET EXSPORT,36,SEMUA ETALASE
SUMMER PATCH SET EXSPORT,25,SEMUA ETALASE
Exsport Companion Pouch - Green Army,22,TAS POUCH
Exsport Companion Pouch - Light Blue,2,TAS POUCH
Exsport Mono Cosmetic Pouch - Yellow,6,TAS POUCH
Exsport Mono Cosmetic Pouch - Pink,6,TAS POUCH
Exsport Mono Cosmetic Pouch - Blue,10,TAS POUCH
Exsport Mono Cosmetic Pouch - Green,49,TAS POUCH
Exsport Square Coin Pouch - Blue,16,TAS POUCH
Tas Exsport Go Around Waist Bag - Pink,31,SEMUA ETALASE
Exsport Sally Mini Backpack - Red,13,TAS BACKPACK
Tas Exsport Sally Mini Backpack - Blue,16,TAS BACKPACK
Tas Exsport Sally Mini Backpack - Brown,48,TAS BACKPACK
Exsport Everyday Ipad Compartment Pouch - Dark Orange,38,TAS POUCH
Tas Exsport Avery simony - Grey,42,SEMUA ETALASE
Exsport Kumara Mini Backpack - Black,4,TAS BACKPACK
Tas Exsport City Strolling Sling Bag Canvas - Cream,28,TAS SLING BAG
Tas Exsport City Strolling Sling Bag Canvas - Navy,36,TAS SLING BAG
Tas Exsport Jumper Sling Bag - Navy,35,TAS SLING BAG
Tas Exsport Jumper Sling Bag - Brown,30,TAS SLING BAG
Tas Exsport Jumper Sling Bag - Green Army,18,TAS SLING BAG
Exsport Ruffle Pouch - Light Green,40,TAS POUCH
Exsport Ruffle Pouch - Light Blue,36,TAS POUCH
Exsport Ruffle Pouch - Purple,21,TAS POUCH
Tas Exsport Angel - Grey Backpack 17L,36,TAS BACKPACK
Tas Exsport Elvira Medium Tote Bag - Salem M,38,TAS TOTE BAG
Tas Exsport Vela Backpack - Grey 15L,36,TAS BACKPACK
Tas Exsport Vela Backpack - Red 15L,38,TAS BACKPACK
Exsport x Yupi Mono Airpods Pouch - Navy,24,TAS POUCH
"Exsport Everyday Laptop Sleeve 13""- 50 Micrograms - Pink",40,TAS LAPTOP
Tas Exsport Classic RR01 1979 Backpack - Light Grey,31,TAS BACKPACK
Tas Exsport Vienna Jour Backpack - Blue L,18,TAS BACKPACK
Tas Exsport Soul Cace Shoulder Bag - Salem,18,SEMUA ETALASE
"Tas Exsport Sinclair Backpack - Navy, L",25,TAS BACKPACK
Tas Exsport Rubyn Mono Backpack - Maroon 17L,26,TAS BACKPACK
Tas Exsport Relife Backpack- Khaki 17L,16,TAS BACKPACK
Tas laptop Exsport Nirmala Sight - Grey,40,TAS LAPTOP
Tas Exsport two Way carry Jovanka Sight Navy -15 L,13,SEMUA ETALASE
Tas Fierne away waistbag - Navy,4,SEMUA ETALASE
Tas Selempang Elske Veldman - Grey,38,SEMUA ETALASE
Exsport Rosalie Sight Tote Bag - Grey,35,TAS TOTE BAG
Exsport MicroTwo Way Carry - Light Green,17,SEMUA ETALASE
Exsport Sarah Backpack - Red 15L,28,TAS BACKPACK
Exsport Stella Backpack - White 17L,45,TAS BACKPACK
Exsport Handheld Laptop Tote Bag - Black,24,TAS LAPTOP
Exsport Chimo Two Way Carry Laptop Backpack - Light Brown,16,TAS LAPTOP
Exsport Chimo Two Way Carry Laptop Backpack - Light Green,1,TAS LAPTOP
Exsport Chimo Two Way Carry Laptop Backpack - Salem,34,TAS LAPTOP
Exsport Take A Trip Foldable Backpack - Navy,10,TAS BACKPACK
Exsport Take A Trip Foldable Backpack - Salem,19,TAS BACKPACK
Exsport Take A Trip Foldable Backpack - Cream,48,TAS BACKPACK
Tas Exsport Take A Trip Duffle Bag | - Dark Green L,10,SEMUA ETALASE
Exsport x Yupi Strawberry Kiss Backpack - Salem,18,TAS BACKPACK
Tas Rouquin Laptop Sling Bag - Dark Orange,43,TAS LAPTOP
Tas Rouquin Laptop Sling Bag - Salem,32,TAS LAPTOP
Tas Rouquin Laptop Sling Bag - Black,38,TAS LAPTOP
Tas Carry-On Pouch - Fuchsia,40,TAS POUCH
Exsport Weekender Rucksack - Dark Orange,2,TAS BACKPACK
Exsport Weekender Rucksack - Light Grey,36,TAS BACKPACK
Exsport Everyday Laptop Compartment Bag - Fuchsia,37,TAS LAPTOP
Exsport Everyday Laptop Compartment Bag - Light Green 14 inch,21,TAS LAPTOP
Exsport Everyday Laptop Compartment Bag - Blue 14 inch,50,TAS LAPTOP
Exsport Weekender Rucksack - Red,1,TAS BACKPACK
Exsport Scholar Rucksack - Navy M,38,TAS BACKPACK
Exsport Scholar Rucksack - Salem M,7,TAS BACKPACK
Exsport Scholar Rucksack - Brown M,24,TAS BACKPACK
Exsport Scholar Rucksack - Black M,28,TAS BACKPACK
Exsport Classic RR01 Square Printing - Cream,30,SEMUA ETALASE
Exsport Classic RR01 1979 Backpack - Yellow,43,TAS BACKPACK
Exsport Classic RR01 1979 Backpack - Fuschsia,37,TAS BACKPACK
Exsport Classic RR01 Square Printing - Navy,46,SEMUA ETALASE
Exsport Classic RR01 1979 Backpack - Salem,12,TAS BACKPACK
Exsport Classic RR01 1979 Backpack - Dark Orange,43,TAS BACKPACK
Exsport Classic RR01 1979 Backpack - Brown,16,TAS BACKPACK
Exsport Kumara Mini Sling Bag - Black,5,TAS SLING BAG
Exsport Kumara Mini Sling Bag - Salem,10,TAS SLING BAG
Tas Exsport Emilia Backpack - Navy 17L,13,TAS BACKPACK
Exsport Flow And Go Tote Bag - Cream,40,TAS TOTE BAG
Exsport Flow And Go Tote Bag - Salem,2,TAS TOTE BAG
Exsport Flow And Go Tote Bag - Navy,41,TAS TOTE BAG
Exsport Fast Track Two Way Carry - Dark Green,26,SEMUA ETALASE
Exsport Lime Trip Mini Daypack - Maroon,38,SEMUA ETALASE
Exsport Lime Trip Mini Daypack - Black,31,SEMUA ETALASE
Exsport Lime Trip Mini Sling Bag - Maroon,44,TAS SLING BAG
Exsport Lime Trip Mini Sling Bag - Black,0,TAS SLING BAG
Exsport Lime Trip Mini Rucksack - Maroon,19,TAS BACKPACK
Exsport Picnic Mat - Light Blue,3,SEMUA ETALASE
Exsport Picnic Mat - Salem,32,SEMUA ETALASE
Exsport Picnic Eyewear Pouch - Light Blue,15,TAS POUCH
Exsport Picnic Eyewear Pouch - Salem,30,TAS POUCH
Exsport Day To Day Mini Rucksack - Cream,19,TAS BACKPACK
Exsport Carry-On Pouch Hand Bag - Magenta,9,TAS POUCH
Exsport Carry-On Pouch Hand Bag - Green,16,TAS POUCH
Exsport Carry-On Pouch Hand Bag - Yellow,18,TAS POUCH
Exsport Carry-On Pouch Hand Bag - Salem,25,TAS POUCH
Exsport City Strolling Sling Bag - Salem,18,TAS SLING BAG
Exsport City Strolling Sling Bag - Navy,29,TAS SLING BAG
Exsport City Strolling Sling Bag - Cream,46,TAS SLING BAG
Exsport City Strolling Sling Bag - Black,41,TAS SLING BAG
Exsport Mingle Mini Sling Bag - Yellow,31,TAS SLING BAG
"Tas Exsport Bimba Tote Sunday Folks A, - Black L",9,SEMUA ETALASE
Tas Exsport Segia Waist Bag - Blue M,17,SEMUA ETALASE
Tas Exsport Holly Hoop Reversible Tote - Grey M,12,SEMUA ETALASE
Tas Exsport Elvira Fruitti Tote Bag - Cream 13L,10,TAS TOTE BAG
Tas Exsport Stecy Tyreal Backpack - Grey L,31,TAS BACKPACK
Tas Exsport Stecy Trois Backpack - Grey 12L,5,TAS BACKPACK
Tas Exsport Segia Tote Bag - Blue M,42,TAS TOTE BAG
Tas Exsport Delanoir Lite Red Typo - Black 12L,30,SEMUA ETALASE
Tas Backpack Delanoir Fruitti - Cream 7L,7,TAS BACKPACK
Tas Exsport Deborah Felica - Blue 12L,10,SEMUA ETALASE
Tas Exsport Finesse Milde Backpack - Navy 15L,34,TAS BACKPACK
Tas Exsport Finesse Milde Backpack - Grey 15L,26,TAS BACKPACK
Exsport Treecode Trois Laptop Backpack - Grey 15L,35,TAS LAPTOP
Tas Exsport Grace Olympia Tote Bag - Pink 15L,7,TAS TOTE BAG
Tas Exsport Grace Olympia Totebag - Light Grey 15L,26,SEMUA ETALASE
Exsport Carry-All Waist Bag - Cream,22,SEMUA ETALASE
Exsport Carry-All Waist Bag - Red,15,SEMUA ETALASE
Exsport Carry-All Waist Bag - Blue,23,SEMUA ETALASE
Exsport Carry-All Waist Bag - Black,34,SEMUA ETALASE
Exsport Kumara Backpack - Green Army,18,TAS BACKPACK
Exsport Kumara Backpack - Black,26,TAS BACKPACK
Exsport Kumara Backpack - Salem,39,TAS BACKPACK
Exsport Kumara Backpack - Light Blue,49,TAS BACKPACK
Exsport Reround Mini Sling Bag - Green Army,48,TAS SLING BAG
Exsport Reround Mini Sling Bag - Tosca,21,TAS SLING BAG
Exsport Reround Mini Sling Bag - Navy,2,TAS SLING BAG
Exsport Basic Two Way Carry - Salem,40,SEMUA ETALASE
Exsport Basic Two Way Carry - Light Grey,27,SEMUA ETALASE
Exsport Basic Two Way Carry - Light Green,29,SEMUA ETALASE
Exsport Basic Two Way Carry - Dark Orange,21,SEMUA ETALASE
Exsport Basic Square Tote Bag L - Light Grey,25,TAS TOTE BAG
Exsport Basic Square Tote Bag L - Light Green,50,TAS TOTE BAG
Exsport Basic Square Tote Bag L - Salem,23,TAS TOTE BAG
Exsport Basic Square Tote Bag L - Light Blue,32,TAS TOTE BAG
Exsport Basic Square Tote Bag L - Dark Orange,10,TAS TOTE BAG
Exsport Basic Square Tote Bag L - Black,10,TAS TOTE BAG
Exsport Basic Square Tote Bag L - Light Brown,50,TAS TOTE BAG
Exsport Basic Cubical Sling Pouch - Light Green,26,TAS SLING BAG
Exsport Basic Cubical Sling Pouch - Light Grey,11,TAS SLING BAG
Exsport Basic Cubical Sling Pouch - Salem,20,TAS SLING BAG
Exsport Basic Cubical Sling Pouch - Dark Orange,45,TAS SLING BAG
Exsport Basic Circle Tote Bag - Light Blue,36,TAS TOTE BAG
Exsport Basic Circle Tote Bag - Light Green,11,TAS TOTE BAG
Exsport Basic Circle Tote Bag - Dark Orange,45,TAS TOTE BAG
Exsport Basic Circle Tote Bag - Black,42,TAS TOTE BAG
Exsport Basic Circle Tote Bag - Light Brown,15,TAS TOTE BAG
Exsport Basic Circle Tote Bag - Warna Salem,4,TAS TOTE BAG
Exsport Basic Circle Tote Bag - Light Grey,17,TAS TOTE BAG
Tas Exsport Makenzie 1.0 Mini Backpack - Red 5L,40,TAS BACKPACK
Tas Exsport Segia 2 Way Carry - Maroon L,16,SEMUA ETALASE
Tas Exsport Segis Two Way Carry - Blue L,13,SEMUA ETALASE
Tas Exsport Hannah Olympia Backpack - Pink 15L,43,TAS BACKPACK
Tas Exsport Hannah Olympia Backpack - Light Grey 15L,24,TAS BACKPACK
Tas Exsport Rubyn Dos Backpack - Olive 17L,19,TAS BACKPACK
Tas Exsport Rubyn Dos Backpack - Brown 17L,44,TAS BACKPACK
Tas Exsport Ruby Olympia Waist Bag - Pink 3L,31,SEMUA ETALASE
Tas Exsport Ruby Olympia Waist Bag - Light Grey 3L,29,SEMUA ETALASE
Tas Serut Exsport Mila Olympia Drawstring Bag - Pink,26,SEMUA ETALASE
Tas Serut Exsport Mila Olympia Drawsting Bag - Light Grey,38,SEMUA ETALASE
Tas Exsport Moa Zarza Backpack - Navy 17L,34,TAS BACKPACK
Tas Exsport Moa Zarza - Grey 17L,42,SEMUA ETALASE
Tas Exsport Majestic Large - Red,34,SEMUA ETALASE
Tas Selempang Exsport Majestic Medium - Green,20,SEMUA ETALASE
Tas Selempang Majestic Medium - Maroon,39,SEMUA ETALASE
Tas Selempang Exsport Majestic Medium - Navy,27,SEMUA ETALASE
Tas Exsport Percy Waist Bag - Salem 3L,29,SEMUA ETALASE
Tas Exsport Percy Waist Bag - Cream 3L,15,SEMUA ETALASE
Tas Exsport Percy Waist Bag - Black 3L,46,SEMUA ETALASE
Tas Laptop Exsport Ladien Bana - Olive,24,TAS LAPTOP
Tas Laptop Exsport Ladien Bana - Navy,3,TAS LAPTOP
Tas Laptop Exsport Ladien Bana - Maroon,22,TAS LAPTOP
Tas Laptop Exsport Ladien Bana - Black,15,TAS LAPTOP
Tas Exsport Backpack Tauri - Salem,9,TAS BACKPACK
Tas Exsport Taury Backpack - Green,44,TAS BACKPACK
Tas Exsport Taury Backpack - Gold,25,TAS BACKPACK
"Tas Selempang Exsport Dolfin Zarza, - Grey 2L",26,SEMUA ETALASE
Tas Exsport Calvino - Grey L,3,SEMUA ETALASE
Tas exsport Calvino - Black L,4,SEMUA ETALASE
Tas Exsport Bitty Zarza Waist Bag - Navy 1L,18,SEMUA ETALASE
Tas Exsport Becca Citypack - Navy,1,SEMUA ETALASE
Tas Exsport Becca Citypack Medium- Blue,44,SEMUA ETALASE
Tas Exsport Becca Backpack Medium 1A - Blue 14L,5,TAS BACKPACK
Tas Exsport Becca Backpack Medium 1A - Black 14L,14,TAS BACKPACK
Tas Exsport Austin Zarza Backpack - Navy 8L,0,TAS BACKPACK
Tas Exsport Backpack Austin Zarza - Grey 8L,36,TAS BACKPACK
Tas Backpack Amora Red Typo - Black 12L,39,TAS BACKPACK
